Street,Start_Lat,Start_Lng,Severity,Hour,Rush_Hour,Weather,City,ID
GT Road,34.015658082584395,71.52692103056961,3,14,0,Clear,Peshawar,P-0
GT Road,34.01416105122813,71.52598512008717,3,2,0,Fog,Peshawar,P-1
GT Road,34.00987490197461,71.5268007393648,2,7,1,Clear,Peshawar,P-2
GT Road,34.013283951848955,71.52207539259733,2,14,0,Clear,Peshawar,P-3
GT Road,34.020218976062075,71.52568846604376,2,17,1,Clear,Peshawar,P-4
GT Road,34.01389872262016,71.52431661250041,1,14,0,Clear,Peshawar,P-5
GT Road,34.01403270239231,71.52488894427536,3,10,0,Clear,Peshawar,P-6
GT Road,34.01551772719001,71.52098065975224,4,8,1,Cloudy,Peshawar,P-7
GT Road,34.0155372766321,71.5266635220779,2,7,1,Fog,Peshawar,P-8
GT Road,34.01486870343522,71.52429779260882,4,5,0,Clear,Peshawar,P-9
GT Road,34.01240664380527,71.52313881746791,2,8,1,Rain,Peshawar,P-10
GT Road,34.013746155999385,71.52612335257768,2,7,1,Rain,Peshawar,P-11
GT Road,34.016888664660215,71.52640999559449,1,17,1,Cloudy,Peshawar,P-12
GT Road,34.0157625268628,71.52685109025424,1,9,1,Clear,Peshawar,P-13
GT Road,34.0174594326894,71.52310358412109,2,5,0,Clear,Peshawar,P-14
GT Road,34.01582327205009,71.52360976049079,3,18,1,Clear,Peshawar,P-15
GT Road,34.02184459250725,71.52305921838986,3,13,0,Rain,Peshawar,P-16
GT Road,34.01527409413647,71.52430198529908,2,2,0,Clear,Peshawar,P-17
GT Road,34.01403116709265,71.52190989225838,2,12,0,Fog,Peshawar,P-18
GT Road,34.01348301279421,71.52389648591283,3,8,1,Clear,Peshawar,P-19
GT Road,34.01561423374011,71.52552902579173,4,17,1,Cloudy,Peshawar,P-20
GT Road,34.01369589381224,71.52424467570681,2,19,1,Cloudy,Peshawar,P-21
GT Road,34.00978964790487,71.52559103588779,2,10,0,Rain,Peshawar,P-22
GT Road,34.014777428576664,71.52570810171363,2,6,0,Clear,Peshawar,P-23
GT Road,34.01506289839097,71.52155299075602,2,16,0,Clear,Peshawar,P-24
GT Road,34.015220460419876,71.52982648422497,2,8,1,Clear,Peshawar,P-25
GT Road,34.01395058158477,71.52405700355932,1,8,1,Fog,Peshawar,P-26
GT Road,34.01738564562903,71.52640386606538,2,22,0,Clear,Peshawar,P-27
GT Road,34.017910410611755,71.52768465150699,2,16,0,Clear,Peshawar,P-28
GT Road,34.01311892734974,71.52376740454079,2,6,0,Rain,Peshawar,P-29
GT Road,34.015118288691475,71.52416892140634,1,13,0,Cloudy,Peshawar,P-30
GT Road,34.01326115153153,71.52799986881004,2,15,0,Clear,Peshawar,P-31
GT Road,34.01438650994846,71.52601224359707,4,6,0,Clear,Peshawar,P-32
GT Road,34.011885033530874,71.52526926771706,3,17,1,Cloudy,Peshawar,P-33
GT Road,34.01221991710463,71.52728145451223,1,19,1,Fog,Peshawar,P-34
GT Road,34.01560098570069,71.525592896419,2,16,0,Rain,Peshawar,P-35
GT Road,34.015552576538994,71.52659480286516,3,5,0,Clear,Peshawar,P-36
GT Road,34.01883154902229,71.52584766584182,1,6,0,Cloudy,Peshawar,P-37
GT Road,34.01359764115067,71.52263914389376,3,8,1,Cloudy,Peshawar,P-38
GT Road,34.016744120319984,71.52869358596531,3,15,0,Rain,Peshawar,P-39
GT Road,34.016857347096376,71.52442081098361,1,9,1,Clear,Peshawar,P-40
GT Road,34.01457068633352,71.53034033833318,3,17,1,Cloudy,Peshawar,P-41
University Road,34.025051735222235,71.4903806816359,2,2,0,Cloudy,Peshawar,P-42
University Road,34.023606412563865,71.48587030555063,4,21,0,Rain,Peshawar,P-43
University Road,34.026720218480726,71.4890849577431,3,9,1,Clear,Peshawar,P-44
University Road,34.025416417436894,71.48661405940435,3,13,0,Clear,Peshawar,P-45
University Road,34.02338198380715,71.49166400920835,3,16,0,Cloudy,Peshawar,P-46
University Road,34.026330095372614,71.49660546298131,2,17,1,Rain,Peshawar,P-47
University Road,34.02576459231636,71.48925236184411,3,15,0,Cloudy,Peshawar,P-48
University Road,34.024329272904346,71.48906374827877,2,9,1,Clear,Peshawar,P-49
University Road,34.02447093638922,71.48906039742508,2,12,0,Clear,Peshawar,P-50
University Road,34.02542856003819,71.48674451044414,1,18,1,Clear,Peshawar,P-51
University Road,34.03007807191479,71.49258682751665,3,7,1,Cloudy,Peshawar,P-52
University Road,34.02124971482669,71.48927290862954,3,16,0,Fog,Peshawar,P-53
University Road,34.02375636184449,71.49222260346122,3,8,1,Clear,Peshawar,P-54
University Road,34.028830908480565,71.48970996342192,2,7,1,Clear,Peshawar,P-55
University Road,34.02605459253092,71.49220270197296,3,8,1,Fog,Peshawar,P-56
University Road,34.027833822298376,71.48748466106876,3,10,0,Clear,Peshawar,P-57
University Road,34.02482521607759,71.49264401136095,1,6,0,Clear,Peshawar,P-58
University Road,34.02479486369722,71.48640443363607,1,11,0,Clear,Peshawar,P-59
University Road,34.02504317570692,71.48796867045749,2,14,0,Cloudy,Peshawar,P-60
University Road,34.023336982697906,71.48982420694853,3,11,0,Rain,Peshawar,P-61
University Road,34.026594325393575,71.48915218965566,1,15,0,Clear,Peshawar,P-62
University Road,34.02956606674931,71.48499582440095,2,9,1,Cloudy,Peshawar,P-63
University Road,34.024327134467896,71.48931519652257,4,9,1,Fog,Peshawar,P-64
University Road,34.02412127048611,71.49059920419404,2,18,1,Clear,Peshawar,P-65
University Road,34.02602402782389,71.49006262826808,2,16,0,Cloudy,Peshawar,P-66
University Road,34.02679458721025,71.49012074053087,3,8,1,Clear,Peshawar,P-67
University Road,34.023961594543636,71.4912238746355,4,10,0,Clear,Peshawar,P-68
University Road,34.02695083269798,71.49052701927201,4,18,1,Clear,Peshawar,P-69
University Road,34.024253623812825,71.49079828597556,2,19,1,Cloudy,Peshawar,P-70
University Road,34.02594833270498,71.48863971389126,3,9,1,Clear,Peshawar,P-71
University Road,34.02171590979973,71.48800645297642,4,13,0,Cloudy,Peshawar,P-72
University Road,34.0265482396341,71.49015669101853,2,15,0,Rain,Peshawar,P-73
University Road,34.02111996450274,71.49244086303314,1,11,0,Clear,Peshawar,P-74
University Road,34.02612586290855,71.48777255089439,3,9,1,Clear,Peshawar,P-75
University Road,34.02443339318619,71.48930764545506,3,6,0,Clear,Peshawar,P-76
University Road,34.02240383131701,71.48608507245125,3,16,0,Clear,Peshawar,P-77
University Road,34.02397154511339,71.4916202227325,3,20,0,Fog,Peshawar,P-78
University Road,34.0270153192464,71.48858012294008,1,17,1,Cloudy,Peshawar,P-79
Jamrud Road,34.01534227645196,71.47654172620292,1,11,0,Clear,Peshawar,P-80
Jamrud Road,34.01418028798342,71.47419755905622,2,21,0,Clear,Peshawar,P-81
Jamrud Road,34.012939305329034,71.47696700861272,2,21,0,Clear,Peshawar,P-82
Jamrud Road,34.01284902034852,71.47599599658248,4,5,0,Cloudy,Peshawar,P-83
Jamrud Road,34.015200823096826,71.47863217558049,3,16,0,Clear,Peshawar,P-84
Jamrud Road,34.01717960586643,71.47338340342928,4,4,0,Clear,Peshawar,P-85
Jamrud Road,34.01486520080803,71.47137973735,2,7,1,Clear,Peshawar,P-86
Jamrud Road,34.013483511951556,71.47875234167843,1,21,0,Fog,Peshawar,P-87
Jamrud Road,34.01428392603306,71.47795331725085,2,17,1,Cloudy,Peshawar,P-88
Jamrud Road,34.015158880241444,71.47406164869578,2,20,0,Rain,Peshawar,P-89
Jamrud Road,34.01348184439712,71.47482717298634,4,7,1,Cloudy,Peshawar,P-90
Jamrud Road,34.00961114468241,71.4738012499541,3,18,1,Clear,Peshawar,P-91
Jamrud Road,34.01583246664587,71.47562491696219,1,18,1,Rain,Peshawar,P-92
Jamrud Road,34.010664759141235,71.47471524102995,4,18,1,Clear,Peshawar,P-93
Jamrud Road,34.01492089362822,71.47808274199383,4,14,0,Clear,Peshawar,P-94
Jamrud Road,34.015902303951044,71.47523134926858,2,6,0,Cloudy,Peshawar,P-95
Jamrud Road,34.014853159693104,71.47533217626501,2,18,1,Cloudy,Peshawar,P-96
Jamrud Road,34.01409075189917,71.47773726311506,2,6,0,Clear,Peshawar,P-97
Jamrud Road,34.009338253792464,71.47788867758396,3,7,1,Clear,Peshawar,P-98
Jamrud Road,34.01580471410419,71.47514818956084,2,19,1,Clear,Peshawar,P-99
Jamrud Road,34.01277056348273,71.47659281085939,2,14,0,Rain,Peshawar,P-100
Jamrud Road,34.00866511579992,71.47482175992097,2,11,0,Fog,Peshawar,P-101
Jamrud Road,34.01059749619031,71.47597534654984,3,8,1,Clear,Peshawar,P-102
Jamrud Road,34.01082854790733,71.47600809303103,2,19,1,Clear,Peshawar,P-103
Jamrud Road,34.011169001853425,71.47388194901353,2,4,0,Clear,Peshawar,P-104
Jamrud Road,34.01169270138931,71.47260424421482,1,6,0,Clear,Peshawar,P-105
Jamrud Road,34.01382917798138,71.47740927014515,2,16,0,Clear,Peshawar,P-106
Jamrud Road,34.012575343900615,71.47455806080093,1,18,1,Fog,Peshawar,P-107
Jamrud Road,34.011705440327326,71.47254389196175,3,17,1,Clear,Peshawar,P-108
Jamrud Road,34.016089935427004,71.47450192792088,2,14,0,Clear,Peshawar,P-109
Jamrud Road,34.012857241119136,71.4769372463126,1,8,1,Cloudy,Peshawar,P-110
Jamrud Road,34.009587107359486,71.47540692727173,2,6,0,Clear,Peshawar,P-111
Jamrud Road,34.0106774747341,71.47369125330776,2,9,1,Clear,Peshawar,P-112
Jamrud Road,34.016174283270146,71.47676327951389,2,6,0,Rain,Peshawar,P-113
Jamrud Road,34.01754865880698,71.47702906538537,3,11,0,Clear,Peshawar,P-114
Khyber Road,34.01185235509506,71.58181883328095,2,8,1,Clear,Peshawar,P-115
Khyber Road,34.00927715432115,71.57752301326524,2,22,0,Cloudy,Peshawar,P-116
Khyber Road,34.00881521215152,71.57627201846064,2,8,1,Clear,Peshawar,P-117
Khyber Road,34.004994480956675,71.57936928440311,2,19,1,Clear,Peshawar,P-118
Khyber Road,34.00884645733886,71.57951078245165,4,6,0,Clear,Peshawar,P-119
Khyber Road,34.014086640979365,71.58123922431088,2,15,0,Fog,Peshawar,P-120
Khyber Road,34.00847348168691,71.57439023579867,2,17,1,Clear,Peshawar,P-121
Khyber Road,34.00695141893366,71.57959547262917,2,8,1,Clear,Peshawar,P-122
Khyber Road,34.00869632778439,71.57809479734263,2,7,1,Clear,Peshawar,P-123
Khyber Road,34.008796062642205,71.57952050218927,2,6,0,Clear,Peshawar,P-124
Khyber Road,34.005056710999746,71.57640620948906,3,17,1,Cloudy,Peshawar,P-125
Khyber Road,34.01033945856878,71.5781787878383,2,19,1,Rain,Peshawar,P-126
Khyber Road,34.01233556412332,71.5785088416866,2,5,0,Cloudy,Peshawar,P-127
Khyber Road,34.0093630429787,71.57736188595787,2,17,1,Clear,Peshawar,P-128
Khyber Road,34.011742249406865,71.57734795293567,3,15,0,Cloudy,Peshawar,P-129
Khyber Road,34.00864717395903,71.57353934018475,2,17,1,Clear,Peshawar,P-130
Khyber Road,34.010653854747524,71.57756179894238,2,17,1,Cloudy,Peshawar,P-131
Khyber Road,34.00823036811616,71.57857388252245,2,12,0,Fog,Peshawar,P-132
Khyber Road,34.010676992814986,71.5771694241722,4,14,0,Clear,Peshawar,P-133
Khyber Road,34.009025209952156,71.57880764111736,3,12,0,Rain,Peshawar,P-134
Khyber Road,34.01014313247444,71.57704468510647,2,8,1,Cloudy,Peshawar,P-135
Khyber Road,34.0125739499277,71.57711072488351,3,18,1,Clear,Peshawar,P-136
Khyber Road,34.01173921184021,71.58071127571762,2,8,1,Cloudy,Peshawar,P-137
Khyber Road,34.007883229194306,71.57697417125006,3,12,0,Clear,Peshawar,P-138
Khyber Road,34.01130873131271,71.57788883065818,4,13,0,Clear,Peshawar,P-139
Khyber Road,34.009594307560654,71.5780938308699,2,13,0,Cloudy,Peshawar,P-140
Khyber Road,34.010962018463474,71.57844776804856,3,20,0,Cloudy,Peshawar,P-141
Khyber Road,34.0073171096844,71.58177365622426,3,7,1,Cloudy,Peshawar,P-142
Khyber Road,34.00802079035948,71.5777484261598,3,20,0,Fog,Peshawar,P-143
Khyber Road,34.01507738220347,71.57904790533422,4,18,1,Clear,Peshawar,P-144
Khyber Road,34.00797579124948,71.57469028665628,2,4,0,Clear,Peshawar,P-145
Khyber Road,34.01254025109315,71.57636305156592,2,19,1,Clear,Peshawar,P-146
Khyber Road,34.00950851387183,71.5774545528605,2,8,1,Clear,Peshawar,P-147
Khyber Road,34.01216091973801,71.57431018951941,2,10,0,Fog,Peshawar,P-148
Khyber Road,34.009462222618886,71.57578694818253,3,1,0,Cloudy,Peshawar,P-149
Khyber Road,34.00864486757453,71.57829857312694,1,23,0,Cloudy,Peshawar,P-150
Khyber Road,34.00885267598624,71.57690628211752,3,7,1,Rain,Peshawar,P-151
Khyber Road,34.01277716453808,71.57268129728591,1,11,0,Cloudy,Peshawar,P-152
Khyber Road,34.009314624811836,71.57725711826801,2,10,0,Cloudy,Peshawar,P-153
Khyber Road,34.01166644775524,71.57534692196778,3,20,0,Clear,Peshawar,P-154
Khyber Road,34.011871356786294,71.58054311018999,2,2,0,Clear,Peshawar,P-155
Khyber Road,34.010197491555274,71.57773930970802,1,8,1,Clear,Peshawar,P-156
Khyber Road,34.00951934920368,71.5772503583849,2,15,0,Clear,Peshawar,P-157
Khyber Road,34.01329279448536,71.57598582127139,3,18,1,Rain,Peshawar,P-158
Khyber Road,34.01065226604448,71.57549777284723,2,8,1,Rain,Peshawar,P-159
Khyber Road,34.0075169975381,71.5763673891819,2,19,1,Rain,Peshawar,P-160
Khyber Road,34.007439141295,71.58150958836397,2,13,0,Clear,Peshawar,P-161
Khyber Road,34.01194364538034,71.57793808349874,2,10,0,Clear,Peshawar,P-162
Khyber Road,34.01061560353778,71.57457966321469,3,10,0,Clear,Peshawar,P-163
Khyber Road,34.007423105240484,71.5782016348445,3,8,1,Clear,Peshawar,P-164
Saddar Road,34.00881650551143,71.57159483279153,4,6,0,Cloudy,Peshawar,P-165
Saddar Road,34.011241066890335,71.57814098927052,3,18,1,Clear,Peshawar,P-166
Saddar Road,34.00431825153734,71.57244084606653,3,7,1,Fog,Peshawar,P-167
Saddar Road,34.00730397382741,71.5753971167258,2,4,0,Clear,Peshawar,P-168
Saddar Road,34.00615353350778,71.57229663078877,3,8,1,Clear,Peshawar,P-169
Saddar Road,34.012162629313536,71.57439089272303,3,8,1,Cloudy,Peshawar,P-170
Saddar Road,34.00684872434753,71.5752440196293,4,16,0,Clear,Peshawar,P-171
Saddar Road,34.0072956540328,71.57548504085123,2,14,0,Clear,Peshawar,P-172
Saddar Road,34.00674606588443,71.578624897116,1,16,0,Clear,Peshawar,P-173
Saddar Road,34.00582443812948,71.5768589650147,2,17,1,Rain,Peshawar,P-174
Saddar Road,34.007851133141806,71.57624134419511,2,9,1,Clear,Peshawar,P-175
Saddar Road,34.00963339703543,71.57623732391943,2,12,0,Rain,Peshawar,P-176
Saddar Road,34.00785966857708,71.57167807813298,3,16,0,Rain,Peshawar,P-177
Saddar Road,34.00963696946928,71.5752676953085,2,22,0,Fog,Peshawar,P-178
Saddar Road,34.007920889692286,71.57636300139475,1,16,0,Clear,Peshawar,P-179
Saddar Road,34.005189680155276,71.57600206668704,3,18,1,Clear,Peshawar,P-180
Saddar Road,34.01051151225115,71.57321078539556,2,5,0,Cloudy,Peshawar,P-181
Saddar Road,34.006698830316886,71.57708709181857,1,8,1,Cloudy,Peshawar,P-182
Saddar Road,34.008164567978554,71.57713096075014,3,18,1,Cloudy,Peshawar,P-183
Mall Road,34.010980284845,71.53503077684184,4,9,1,Rain,Peshawar,P-184
Mall Road,34.0111089949572,71.54290676895424,3,18,1,Fog,Peshawar,P-185
Mall Road,34.01139927902382,71.53839042616669,2,16,0,Clear,Peshawar,P-186
Mall Road,34.01193063022523,71.54046842946508,2,8,1,Clear,Peshawar,P-187
Mall Road,34.011668553893706,71.53834883031396,2,15,0,Clear,Peshawar,P-188
Mall Road,34.009754555956874,71.54076481949238,3,20,0,Clear,Peshawar,P-189
Mall Road,34.01433420582877,71.54324221711558,4,8,1,Fog,Peshawar,P-190
Mall Road,34.01075371894715,71.53888904576169,2,8,1,Clear,Peshawar,P-191
Mall Road,34.01125320146325,71.53765285958598,3,9,1,Clear,Peshawar,P-192
Mall Road,34.01089555391144,71.54126586363552,3,16,0,Clear,Peshawar,P-193
Mall Road,34.01031977984283,71.54032939565488,2,12,0,Cloudy,Peshawar,P-194
Mall Road,34.01257173078145,71.54066891357998,3,8,1,Clear,Peshawar,P-195
Mall Road,34.00850290603009,71.53748531939915,3,12,0,Clear,Peshawar,P-196
Mall Road,34.01096477740193,71.54044757590329,2,16,0,Clear,Peshawar,P-197
Mall Road,34.0144112561559,71.54068627010204,3,11,0,Clear,Peshawar,P-198
Mall Road,34.01316785637065,71.53928141581844,2,15,0,Cloudy,Peshawar,P-199
Mall Road,34.012811235186284,71.54143001402761,3,15,0,Rain,Peshawar,P-200
Mall Road,34.01476431798208,71.54129741977519,3,16,0,Cloudy,Peshawar,P-201
Mall Road,34.01125935326281,71.53833288202544,2,18,1,Rain,Peshawar,P-202
Mall Road,34.01205748964587,71.54255690372523,3,7,1,Rain,Peshawar,P-203
Mall Road,34.012049284196856,71.54017991229625,1,8,1,Cloudy,Peshawar,P-204
Mall Road,34.0113844435301,71.54043830065534,2,15,0,Cloudy,Peshawar,P-205
Mall Road,34.014417963888214,71.53711701150388,3,12,0,Fog,Peshawar,P-206
Mall Road,34.0111071327709,71.5403881799858,4,6,0,Fog,Peshawar,P-207
Mall Road,34.00838008219804,71.54193002992213,2,16,0,Clear,Peshawar,P-208
Mall Road,34.010882156305456,71.54075442375013,3,4,0,Rain,Peshawar,P-209
Mall Road,34.011737923186004,71.53592951951876,3,2,0,Clear,Peshawar,P-210
Mall Road,34.00910397219917,71.53560238808677,3,16,0,Clear,Peshawar,P-211
Mall Road,34.014243706378856,71.5426210876494,2,17,1,Cloudy,Peshawar,P-212
Mall Road,34.01330040235592,71.53980164827244,2,20,0,Clear,Peshawar,P-213
Mall Road,34.01379577707752,71.53958686566314,2,15,0,Clear,Peshawar,P-214
Mall Road,34.00949692115162,71.54288752920816,2,7,1,Clear,Peshawar,P-215
Shami Road,34.0324154310825,71.51644508016058,4,7,1,Rain,Peshawar,P-216
Shami Road,34.0313930423394,71.51641800751517,3,17,1,Cloudy,Peshawar,P-217
Shami Road,34.03174995587668,71.5134852009662,3,11,0,Clear,Peshawar,P-218
Shami Road,34.031256208829824,71.51363789668505,2,7,1,Clear,Peshawar,P-219
Shami Road,34.030446202320405,71.51494922190723,2,17,1,Clear,Peshawar,P-220
Shami Road,34.027832194353024,71.51652082931228,1,9,1,Clear,Peshawar,P-221
Shami Road,34.0309516460458,71.51385799056072,3,18,1,Rain,Peshawar,P-222
Shami Road,34.030992794921815,71.51268327062162,2,8,1,Fog,Peshawar,P-223
Shami Road,34.02924736266405,71.51507532046634,3,16,0,Cloudy,Peshawar,P-224
Shami Road,34.02899675998021,71.51443779941422,2,3,0,Clear,Peshawar,P-225
Shami Road,34.03001307436727,71.51411003335726,2,16,0,Rain,Peshawar,P-226
Shami Road,34.03111926073984,71.51370612644459,2,15,0,Cloudy,Peshawar,P-227
Shami Road,34.029841073451855,71.51717801996357,3,18,1,Cloudy,Peshawar,P-228
Shami Road,34.033634788131266,71.51539519920938,3,5,0,Rain,Peshawar,P-229
Shami Road,34.030260956766355,71.51540909879218,2,15,0,Cloudy,Peshawar,P-230
Shami Road,34.03035930538361,71.5158483318928,1,8,1,Clear,Peshawar,P-231
Shami Road,34.0322373730957,71.51725864887509,4,9,1,Clear,Peshawar,P-232
Shami Road,34.03107600695633,71.51524006265343,2,13,0,Cloudy,Peshawar,P-233
Shami Road,34.03318209220433,71.51477853314184,2,15,0,Clear,Peshawar,P-234
Shami Road,34.028548468673996,71.51207125023959,3,17,1,Clear,Peshawar,P-235
Shami Road,34.02787638627721,71.51900347420506,4,4,0,Rain,Peshawar,P-236
Shami Road,34.03065474540012,71.51676731987497,3,11,0,Rain,Peshawar,P-237
Shami Road,34.03206571978563,71.51249238353242,2,13,0,Fog,Peshawar,P-238
Shami Road,34.03198806037256,71.51552134753165,3,16,0,Clear,Peshawar,P-239
Shami Road,34.03164760025521,71.51441702004202,2,8,1,Fog,Peshawar,P-240
Shami Road,34.03254339742129,71.50930291475873,2,8,1,Rain,Peshawar,P-241
Shami Road,34.031748560111154,71.51482631044574,2,13,0,Clear,Peshawar,P-242
Shami Road,34.030064597597374,71.51569300776346,2,15,0,Clear,Peshawar,P-243
Shami Road,34.026809684954635,71.51550834778449,4,10,0,Clear,Peshawar,P-244
Circular Road,34.016302695731184,71.58430148459135,2,14,0,Cloudy,Peshawar,P-245
Circular Road,34.01942901857061,71.5848209547795,1,16,0,Cloudy,Peshawar,P-246
Circular Road,34.01648191570836,71.58460730030183,3,13,0,Rain,Peshawar,P-247
Circular Road,34.01673816805447,71.58293009027093,2,4,0,Cloudy,Peshawar,P-248
Circular Road,34.01883265534941,71.58569297695179,4,8,1,Cloudy,Peshawar,P-249
Circular Road,34.01525773247193,71.5858067800467,2,12,0,Clear,Peshawar,P-250
Circular Road,34.018225547810125,71.58289316887365,1,8,1,Cloudy,Peshawar,P-251
Circular Road,34.019146174690825,71.58467207824079,4,6,0,Cloudy,Peshawar,P-252
Circular Road,34.01730083781029,71.58572992200493,2,16,0,Rain,Peshawar,P-253
Circular Road,34.016102158344786,71.58513499707175,2,14,0,Rain,Peshawar,P-254
Circular Road,34.01827746044406,71.58271399017454,4,16,0,Cloudy,Peshawar,P-255
Circular Road,34.01901028514656,71.58449523991307,2,15,0,Clear,Peshawar,P-256
Circular Road,34.01651168672942,71.58692817433658,3,13,0,Cloudy,Peshawar,P-257
Circular Road,34.01844293254757,71.58627079386443,2,15,0,Rain,Peshawar,P-258
Circular Road,34.01665385635143,71.58503115809516,2,17,1,Clear,Peshawar,P-259
Circular Road,34.015229673002004,71.58810512363097,2,9,1,Clear,Peshawar,P-260
Circular Road,34.020284030320276,71.58701963417867,2,8,1,Clear,Peshawar,P-261
Circular Road,34.017118284244546,71.58725223405203,3,11,0,Clear,Peshawar,P-262
Circular Road,34.014220855066476,71.58170920250608,2,2,0,Clear,Peshawar,P-263
Circular Road,34.01835994615104,71.58615093733498,2,12,0,Cloudy,Peshawar,P-264
Circular Road,34.018517857179575,71.58556238284794,3,20,0,Clear,Peshawar,P-265
Circular Road,34.01662220662443,71.58610614655288,2,19,1,Clear,Peshawar,P-266
Circular Road,34.0150228177857,71.58279282136556,2,11,0,Clear,Peshawar,P-267
Circular Road,34.020029035125184,71.58654616637835,3,12,0,Clear,Peshawar,P-268
Circular Road,34.018100104198055,71.58306331109027,2,10,0,Clear,Peshawar,P-269
Circular Road,34.017320952414,71.58312554390233,2,12,0,Cloudy,Peshawar,P-270
Circular Road,34.01744782826813,71.58772828085993,2,21,0,Clear,Peshawar,P-271
Circular Road,34.019412306791345,71.58576794310508,1,14,0,Fog,Peshawar,P-272
Kohat Road,33.98751227352922,71.52861418960441,2,14,0,Clear,Peshawar,P-273
Kohat Road,33.9936391460934,71.52834361203747,3,8,1,Rain,Peshawar,P-274
Kohat Road,33.98762480316194,71.53061964142046,1,14,0,Clear,Peshawar,P-275
Kohat Road,33.992449168875254,71.5332467931246,3,18,1,Clear,Peshawar,P-276
Kohat Road,33.9898234359033,71.5351594186753,2,8,1,Clear,Peshawar,P-277
Kohat Road,33.98712876234357,71.52617378714965,4,6,0,Cloudy,Peshawar,P-278
Kohat Road,33.99113796615837,71.53325679324625,3,16,0,Fog,Peshawar,P-279
Kohat Road,33.98779844143433,71.52857740275049,2,5,0,Clear,Peshawar,P-280
Kohat Road,33.99046757182359,71.52688820870759,2,5,0,Cloudy,Peshawar,P-281
Kohat Road,33.98765479348628,71.52753306379743,3,15,0,Cloudy,Peshawar,P-282
Kohat Road,33.99334514477368,71.53083803801873,3,23,0,Cloudy,Peshawar,P-283
Kohat Road,33.98801861522273,71.53125882716978,2,5,0,Cloudy,Peshawar,P-284
Kohat Road,33.988528940114826,71.53247218635042,2,6,0,Clear,Peshawar,P-285
Kohat Road,33.98893218179737,71.52718571194757,3,17,1,Fog,Peshawar,P-286
Kohat Road,33.99242619539996,71.53028343382728,2,23,0,Fog,Peshawar,P-287
Kohat Road,33.98894506135277,71.53072335317084,2,14,0,Clear,Peshawar,P-288
Kohat Road,33.98842802107899,71.52733753409288,3,17,1,Cloudy,Peshawar,P-289
Kohat Road,33.98830380260132,71.5267979614046,1,20,0,Cloudy,Peshawar,P-290
Kohat Road,33.989987858176924,71.5316769815489,2,14,0,Cloudy,Peshawar,P-291
Kohat Road,33.989122825587486,71.53233260549447,4,18,1,Clear,Peshawar,P-292
Kohat Road,33.988663819092714,71.53198408469908,3,18,1,Rain,Peshawar,P-293
Kohat Road,33.98792684816729,71.53262613703117,1,10,0,Clear,Peshawar,P-294
Kohat Road,33.98994994608251,71.5316355325984,4,15,0,Rain,Peshawar,P-295
Kohat Road,33.9849485627328,71.53012791357382,3,17,1,Clear,Peshawar,P-296
Kohat Road,33.990113299849796,71.53105938550871,2,9,1,Clear,Peshawar,P-297
Kohat Road,33.984223457589614,71.53058653862827,4,10,0,Clear,Peshawar,P-298
Kohat Road,33.99306150166469,71.5324375237034,2,15,0,Clear,Peshawar,P-299
Kohat Road,33.98862266649007,71.5298746860876,2,5,0,Rain,Peshawar,P-300
Kohat Road,33.98877319467292,71.52939506062702,4,4,0,Cloudy,Peshawar,P-301
Kohat Road,33.98693140274723,71.53182487049853,3,5,0,Cloudy,Peshawar,P-302
Kohat Road,33.98726624260317,71.52955046919621,3,12,0,Clear,Peshawar,P-303
Kohat Road,33.99175728701945,71.53152439680159,2,10,0,Rain,Peshawar,P-304
Kohat Road,33.9889075111035,71.53078360801081,1,10,0,Clear,Peshawar,P-305
Kohat Road,33.98801178753392,71.52993812200569,2,7,1,Clear,Peshawar,P-306
Kohat Road,33.98994539092098,71.52813346408186,2,10,0,Rain,Peshawar,P-307
Kohat Road,33.98539460602091,71.52911010847976,2,9,1,Cloudy,Peshawar,P-308
Kohat Road,33.98866185452268,71.53207980937479,2,11,0,Rain,Peshawar,P-309
Kohat Road,33.989823314681985,71.53184269920597,3,10,0,Clear,Peshawar,P-310
Kohat Road,33.9926034825788,71.53312302239345,3,15,0,Rain,Peshawar,P-311
Kohat Road,33.9901772933948,71.53344425721137,1,12,0,Clear,Peshawar,P-312
Kohat Road,33.98926935689738,71.53036936061173,3,4,0,Clear,Peshawar,P-313
Kohat Road,33.98839501453358,71.53259762264969,1,1,0,Fog,Peshawar,P-314
Kohat Road,33.987906178034635,71.53107330550506,2,9,1,Rain,Peshawar,P-315
Kohat Road,33.988436574958776,71.53175918517597,2,6,0,Cloudy,Peshawar,P-316
Kohat Road,33.991992095371614,71.52848640982286,1,5,0,Fog,Peshawar,P-317
Kohat Road,33.99056235912454,71.52814875830045,3,9,1,Clear,Peshawar,P-318
Kohat Road,33.98871296353924,71.53185568025616,3,15,0,Cloudy,Peshawar,P-319
Kohat Road,33.99149160250212,71.53118685834639,4,14,0,Cloudy,Peshawar,P-320
Kohat Road,33.98791038161196,71.52606728682125,3,6,0,Clear,Peshawar,P-321
Kohat Road,33.98903237773692,71.52933708740456,2,14,0,Fog,Peshawar,P-322
Kohat Road,33.99172094697672,71.52883384512286,2,18,1,Cloudy,Peshawar,P-323
Kohat Road,33.99167512540672,71.52837270928788,3,18,1,Fog,Peshawar,P-324
Kohat Road,33.991325762537336,71.53234694771497,2,18,1,Cloudy,Peshawar,P-325
Kohat Road,33.989811256499934,71.52982821350056,2,12,0,Fog,Peshawar,P-326
Warsak Road,34.04548150635898,71.46520336622835,3,16,0,Cloudy,Peshawar,P-327
Warsak Road,34.04565730432075,71.46180045731782,2,13,0,Cloudy,Peshawar,P-328
Warsak Road,34.04458195348543,71.45829895909158,3,7,1,Clear,Peshawar,P-329
Warsak Road,34.04643967458174,71.46289300787188,3,7,1,Cloudy,Peshawar,P-330
Warsak Road,34.04473196566666,71.46002937638946,2,9,1,Rain,Peshawar,P-331
Warsak Road,34.04210028686904,71.45778738363754,3,3,0,Cloudy,Peshawar,P-332
Warsak Road,34.04845392770247,71.45920072762877,2,8,1,Rain,Peshawar,P-333
Warsak Road,34.048362184629866,71.45849818890044,3,13,0,Clear,Peshawar,P-334
Warsak Road,34.043896283708214,71.46511639857133,1,14,0,Clear,Peshawar,P-335
Warsak Road,34.04872263119447,71.46377322929217,3,5,0,Cloudy,Peshawar,P-336
Warsak Road,34.04655672215233,71.45889762856734,3,15,0,Rain,Peshawar,P-337
Warsak Road,34.04723180410673,71.45870146884384,2,5,0,Clear,Peshawar,P-338
Warsak Road,34.04271662177173,71.45961268108144,3,17,1,Cloudy,Peshawar,P-339
Warsak Road,34.04596011916018,71.45726907595561,2,10,0,Clear,Peshawar,P-340
Warsak Road,34.042951626351346,71.46370818513266,3,23,0,Fog,Peshawar,P-341
Warsak Road,34.04729481866038,71.45939155223765,3,17,1,Clear,Peshawar,P-342
Warsak Road,34.04402230115643,71.45776076513341,2,13,0,Cloudy,Peshawar,P-343
Warsak Road,34.04394444627151,71.46154287798383,2,2,0,Clear,Peshawar,P-344
Ring Road,34.051027200213134,71.54893459832067,4,8,1,Clear,Peshawar,P-345
Ring Road,34.05041137274992,71.5492430918963,2,11,0,Clear,Peshawar,P-346
Ring Road,34.048795575879275,71.55093754851215,2,10,0,Cloudy,Peshawar,P-347
Ring Road,34.0507069658119,71.5502430100228,3,6,0,Rain,Peshawar,P-348
Ring Road,34.04824403482648,71.54834623929192,1,4,0,Clear,Peshawar,P-349
Ring Road,34.049392338304024,71.55313620958944,4,8,1,Clear,Peshawar,P-350
Ring Road,34.045151519479454,71.55176809079272,3,5,0,Clear,Peshawar,P-351
Ring Road,34.05049415475561,71.55017466211582,2,19,1,Clear,Peshawar,P-352
Ring Road,34.04687490828623,71.54894189464531,2,20,0,Clear,Peshawar,P-353
Ring Road,34.04777920096541,71.55113411103477,3,22,0,Clear,Peshawar,P-354
Ring Road,34.046769736368184,71.55232947870891,2,11,0,Fog,Peshawar,P-355
Ring Road,34.05126592350302,71.54910084792354,2,7,1,Clear,Peshawar,P-356
Ring Road,34.05085763300066,71.55138621121452,2,12,0,Clear,Peshawar,P-357
Ring Road,34.04983470442992,71.54834196616068,1,16,0,Cloudy,Peshawar,P-358
Ring Road,34.05087311960831,71.55180786968216,2,7,1,Fog,Peshawar,P-359
Ring Road,34.0485784797929,71.55014754021578,2,10,0,Cloudy,Peshawar,P-360
Ring Road,34.04870807164175,71.54840161598669,2,17,1,Clear,Peshawar,P-361
Ring Road,34.04710774393488,71.5501899875027,2,9,1,Rain,Peshawar,P-362
Ring Road,34.049416377462165,71.5468736183826,3,18,1,Rain,Peshawar,P-363
Ring Road,34.049877913149054,71.54852828310135,4,17,1,Clear,Peshawar,P-364
Ring Road,34.050597505816725,71.54849641789981,4,12,0,Clear,Peshawar,P-365
Ring Road,34.046338463103204,71.55040130360791,3,9,1,Rain,Peshawar,P-366
Ring Road,34.04910535620868,71.55256203272347,3,13,0,Cloudy,Peshawar,P-367
Ring Road,34.05196514692725,71.55131272173965,4,12,0,Clear,Peshawar,P-368
Ring Road,34.049330449335784,71.54919270307352,2,18,1,Fog,Peshawar,P-369
Ring Road,34.049600942653335,71.54767362107789,2,19,1,Cloudy,Peshawar,P-370
Ring Road,34.05004843891334,71.55282444111083,3,5,0,Rain,Peshawar,P-371
Ring Road,34.052297466965854,71.55286468406243,4,10,0,Fog,Peshawar,P-372
Ring Road,34.05237477210313,71.55517912728403,2,18,1,Clear,Peshawar,P-373
Ring Road,34.0483892563459,71.55119288467912,3,18,1,Clear,Peshawar,P-374
Ring Road,34.04798691486944,71.55227975712225,3,17,1,Cloudy,Peshawar,P-375
Ring Road,34.04981766176088,71.54551990020296,2,17,1,Clear,Peshawar,P-376
Ring Road,34.05168124005301,71.5510934671364,3,9,1,Clear,Peshawar,P-377
Ring Road,34.04867457245627,71.54594065226452,2,8,1,Clear,Peshawar,P-378
Ring Road,34.05199662179629,71.54913675937456,3,15,0,Cloudy,Peshawar,P-379
Ring Road,34.050744869293965,71.54841986734972,2,21,0,Cloudy,Peshawar,P-380
Ring Road,34.05056657574309,71.54948219005259,2,16,0,Clear,Peshawar,P-381
Ring Road,34.052751732346366,71.55202509200211,2,18,1,Clear,Peshawar,P-382
Ring Road,34.051027815699314,71.55035916356388,2,8,1,Clear,Peshawar,P-383
Ring Road,34.04757582021612,71.55166846533147,3,17,1,Rain,Peshawar,P-384
Ring Road,34.04973473250723,71.54805094139066,4,15,0,Cloudy,Peshawar,P-385
Ring Road,34.05050587362853,71.5498731078721,2,18,1,Cloudy,Peshawar,P-386
Ring Road,34.05066396066113,71.55038099935956,2,10,0,Clear,Peshawar,P-387
Ring Road,34.05039195006773,71.55063395883555,2,18,1,Clear,Peshawar,P-388
Ring Road,34.04812912259591,71.55217196423234,3,1,0,Fog,Peshawar,P-389
Charsadda Road,34.058178592353876,71.4701837294913,3,6,0,Cloudy,Peshawar,P-390
Charsadda Road,34.061599883803886,71.46676737878313,2,1,0,Clear,Peshawar,P-391
Charsadda Road,34.06085662592495,71.47179827142737,2,8,1,Cloudy,Peshawar,P-392
Charsadda Road,34.05979110156293,71.46966235655361,2,19,1,Clear,Peshawar,P-393
Charsadda Road,34.05853242405243,71.47007212678294,3,3,0,Cloudy,Peshawar,P-394
Charsadda Road,34.061950395259565,71.47100218833988,3,14,0,Clear,Peshawar,P-395
Charsadda Road,34.056379935193455,71.46862413226633,3,13,0,Cloudy,Peshawar,P-396
Charsadda Road,34.059725102970745,71.4719057490944,2,17,1,Cloudy,Peshawar,P-397
Charsadda Road,34.057971162245664,71.47156574048716,3,14,0,Cloudy,Peshawar,P-398
Charsadda Road,34.064341885435,71.46964822837514,2,6,0,Clear,Peshawar,P-399
Charsadda Road,34.06458176784816,71.47021408476415,4,14,0,Cloudy,Peshawar,P-400
Charsadda Road,34.05877646181819,71.4699259264059,1,8,1,Clear,Peshawar,P-401
Charsadda Road,34.059559610745985,71.46586429054713,2,8,1,Fog,Peshawar,P-402
Charsadda Road,34.06016487950587,71.46708489700107,2,14,0,Clear,Peshawar,P-403
Charsadda Road,34.06216895916615,71.46884493981298,1,0,0,Clear,Peshawar,P-404
Charsadda Road,34.05967973440887,71.4713426801529,2,12,0,Clear,Peshawar,P-405
Charsadda Road,34.06020708827728,71.46567556155816,1,14,0,Clear,Peshawar,P-406
Charsadda Road,34.05858318646618,71.46697257121477,3,11,0,Cloudy,Peshawar,P-407
Charsadda Road,34.06154404312401,71.47306264748916,2,10,0,Fog,Peshawar,P-408
Charsadda Road,34.05903387789664,71.47029358602397,2,18,1,Fog,Peshawar,P-409
Charsadda Road,34.0585834230748,71.47068563032481,2,5,0,Cloudy,Peshawar,P-410
Charsadda Road,34.05957773952235,71.4680256409457,2,11,0,Clear,Peshawar,P-411
Charsadda Road,34.06102384818206,71.46966338353208,3,5,0,Clear,Peshawar,P-412
Charsadda Road,34.05980282373543,71.47003769924589,3,15,0,Clear,Peshawar,P-413
Charsadda Road,34.06076307712518,71.47127319265164,3,19,1,Cloudy,Peshawar,P-414
Charsadda Road,34.05771254758536,71.47021711941156,2,19,1,Clear,Peshawar,P-415
Charsadda Road,34.06535621974728,71.46902869764781,1,10,0,Clear,Peshawar,P-416
Charsadda Road,34.06253141568173,71.46826765030357,1,6,0,Cloudy,Peshawar,P-417
Hayatabad Phase 1,34.00706509240869,71.44225341027365,2,9,1,Cloudy,Peshawar,P-418
Hayatabad Phase 1,34.00307119149078,71.43913968672881,2,7,1,Clear,Peshawar,P-419
Hayatabad Phase 1,34.00387566394684,71.4395815562525,1,15,0,Cloudy,Peshawar,P-420
Hayatabad Phase 1,34.00174221963285,71.4425449748932,2,8,1,Cloudy,Peshawar,P-421
Hayatabad Phase 1,34.00338079296016,71.44084812208892,2,22,0,Clear,Peshawar,P-422
Hayatabad Phase 1,34.004795743119935,71.4408185167752,2,2,0,Cloudy,Peshawar,P-423
Hayatabad Phase 1,34.00448240787467,71.443197294341,1,3,0,Clear,Peshawar,P-424
Hayatabad Phase 1,34.00481313185817,71.44045796485013,2,19,1,Clear,Peshawar,P-425
Hayatabad Phase 1,34.00478539571199,71.44089543385162,3,14,0,Rain,Peshawar,P-426
Hayatabad Phase 1,34.00536660042421,71.43763941412082,2,9,1,Cloudy,Peshawar,P-427
Hayatabad Phase 1,34.0013978845317,71.43891465240053,2,17,1,Rain,Peshawar,P-428
Hayatabad Phase 1,34.00247709033269,71.4382699215473,2,7,1,Clear,Peshawar,P-429
Hayatabad Phase 1,34.00285451394852,71.44047849372822,4,13,0,Clear,Peshawar,P-430
Hayatabad Phase 1,34.005583723524005,71.4417989299423,2,14,0,Clear,Peshawar,P-431
Hayatabad Phase 3,34.00050747932299,71.43093538634353,2,8,1,Fog,Peshawar,P-432
Hayatabad Phase 3,33.999276473862324,71.43056024277794,2,18,1,Clear,Peshawar,P-433
Hayatabad Phase 3,34.0007542007878,71.42994147437264,3,8,1,Rain,Peshawar,P-434
Hayatabad Phase 3,33.99710388725592,71.42831451481997,2,18,1,Cloudy,Peshawar,P-435
Hayatabad Phase 3,33.995728651572044,71.43627549706733,2,17,1,Clear,Peshawar,P-436
Hayatabad Phase 5,33.996187113444556,71.41411922273068,3,5,0,Rain,Peshawar,P-437
Hayatabad Phase 5,33.99891412728108,71.41951717117917,3,19,1,Clear,Peshawar,P-438
Hayatabad Phase 5,33.99305668653091,71.41724076367042,3,16,0,Clear,Peshawar,P-439
Hayatabad Phase 5,33.99392877332315,71.42171323420925,3,8,1,Clear,Peshawar,P-440
Hayatabad Phase 5,33.99371703680955,71.42086384508934,1,16,0,Rain,Peshawar,P-441
Hayatabad Phase 5,33.99616900643223,71.42089931181326,3,17,1,Cloudy,Peshawar,P-442
Hayatabad Phase 5,33.99467386607211,71.4185101947104,3,5,0,Clear,Peshawar,P-443
Hayatabad Phase 5,33.995213574386945,71.41973046284177,2,5,0,Clear,Peshawar,P-444
Hayatabad Phase 5,33.99121277066609,71.42042658741475,4,5,0,Fog,Peshawar,P-445
Hayatabad Phase 5,33.99464157905075,71.42016502539865,1,11,0,Rain,Peshawar,P-446
Hayatabad Phase 5,33.99346171530042,71.41812019379779,1,10,0,Clear,Peshawar,P-447
Hayatabad Phase 5,33.99444321765838,71.4212667226297,3,19,1,Clear,Peshawar,P-448
Dalazak Road,34.037721317191675,71.50238235920176,3,21,0,Cloudy,Peshawar,P-449
Dalazak Road,34.039374977658746,71.50241927103092,2,18,1,Cloudy,Peshawar,P-450
Dalazak Road,34.03661424519327,71.50305290760059,3,5,0,Cloudy,Peshawar,P-451
Dalazak Road,34.03268874903666,71.50513053639068,3,17,1,Cloudy,Peshawar,P-452
Dalazak Road,34.03361057373782,71.50418143512377,3,8,1,Clear,Peshawar,P-453
Dalazak Road,34.03374761993555,71.50503075796274,3,4,0,Cloudy,Peshawar,P-454
Dalazak Road,34.03665019652933,71.50326573956858,2,16,0,Clear,Peshawar,P-455
Dalazak Road,34.03645736959443,71.50402360600553,2,6,0,Clear,Peshawar,P-456
Dalazak Road,34.03670179592433,71.5047252564232,2,17,1,Rain,Peshawar,P-457
Dalazak Road,34.034868904786435,71.5089633836128,2,21,0,Clear,Peshawar,P-458
Dalazak Road,34.03693079496918,71.50747226144361,2,14,0,Cloudy,Peshawar,P-459
Dalazak Road,34.03288922596581,71.50711696908705,4,17,1,Fog,Peshawar,P-460
Dalazak Road,34.03472110744863,71.50409962147029,2,17,1,Cloudy,Peshawar,P-461
Dalazak Road,34.03211703587678,71.5045810948687,4,11,0,Clear,Peshawar,P-462
Dalazak Road,34.03409350318195,71.50790493506894,2,9,1,Clear,Peshawar,P-463
Dalazak Road,34.03425881895385,71.50920761218426,3,18,1,Clear,Peshawar,P-464
Dalazak Road,34.03189248246797,71.50663577931604,3,7,1,Cloudy,Peshawar,P-465
Dalazak Road,34.03715035187133,71.50226259091288,2,15,0,Cloudy,Peshawar,P-466
Dalazak Road,34.0343427630485,71.50620637486216,2,16,0,Clear,Peshawar,P-467
Dalazak Road,34.03151230376673,71.5052380368121,2,4,0,Clear,Peshawar,P-468
Dalazak Road,34.03454280016932,71.50301130125078,3,1,0,Clear,Peshawar,P-469
Dalazak Road,34.034845255217334,71.50503003845319,2,10,0,Cloudy,Peshawar,P-470
Bara Road,33.98143076263088,71.51143637145142,2,15,0,Clear,Peshawar,P-471
Bara Road,33.97952460975062,71.51038446952839,2,21,0,Clear,Peshawar,P-472
Bara Road,33.98020371259052,71.51309804030299,2,1,0,Clear,Peshawar,P-473
Bara Road,33.981977338338716,71.50729710847023,2,9,1,Clear,Peshawar,P-474
Bara Road,33.98034668332874,71.51048790639582,4,18,1,Clear,Peshawar,P-475
Bara Road,33.97920834243853,71.50964075199954,3,11,0,Clear,Peshawar,P-476
Bara Road,33.97964829119113,71.51332294033146,2,8,1,Clear,Peshawar,P-477
Bara Road,33.981074181666116,71.51010325275342,1,20,0,Fog,Peshawar,P-478
Bara Road,33.979249607239346,71.5093645698065,1,9,1,Clear,Peshawar,P-479
Bara Road,33.980651414715624,71.50926082894217,3,17,1,Cloudy,Peshawar,P-480
Bara Road,33.97837828497757,71.50748484428217,3,9,1,Cloudy,Peshawar,P-481
Bara Road,33.980660130001624,71.5112398526648,4,8,1,Clear,Peshawar,P-482
Bara Road,33.97832971419674,71.5141790774434,1,7,1,Clear,Peshawar,P-483
Bara Road,33.98000760615224,71.50674736129208,2,20,0,Cloudy,Peshawar,P-484
Bara Road,33.97963921663647,71.51274569694935,3,5,0,Clear,Peshawar,P-485
Bara Road,33.97959850167289,71.50753571534038,2,10,0,Clear,Peshawar,P-486
Bara Road,33.9791415111594,71.51117710653955,2,4,0,Rain,Peshawar,P-487
Bara Road,33.98009592289196,71.51066368772652,4,7,1,Fog,Peshawar,P-488
Bara Road,33.98037941233522,71.50867603564441,2,10,0,Cloudy,Peshawar,P-489
Bara Road,33.98005336211422,71.51114418555682,4,7,1,Rain,Peshawar,P-490
Bara Road,33.98360869621957,71.50961819241655,4,17,1,Clear,Peshawar,P-491
Bara Road,33.98046431189948,71.50759373479598,2,15,0,Cloudy,Peshawar,P-492
Bara Road,33.97749918453206,71.51120903065272,3,11,0,Clear,Peshawar,P-493
Bara Road,33.9796923479456,71.50825414064653,2,18,1,Cloudy,Peshawar,P-494
Bara Road,33.97928331969595,71.50870491638874,1,11,0,Cloudy,Peshawar,P-495
Bara Road,33.97731177105927,71.50679347906637,2,19,1,Fog,Peshawar,P-496
Bara Road,33.976266920097274,71.51201502737968,3,19,1,Fog,Peshawar,P-497
Bara Road,33.98275741949252,71.50751033752357,3,8,1,Cloudy,Peshawar,P-498
Bara Road,33.98002854613567,71.50809212116121,2,7,1,Fog,Peshawar,P-499
Bara Road,33.9804278077364,71.50962117265804,2,3,0,Clear,Peshawar,P-500
Bara Road,33.983952881169024,71.50687151677658,2,20,0,Cloudy,Peshawar,P-501
Bara Road,33.98155854777478,71.5094188497938,2,17,1,Clear,Peshawar,P-502
Bara Road,33.97974490175924,71.5130223098605,4,19,1,Clear,Peshawar,P-503
Bara Road,33.97889855760861,71.50794756072251,2,7,1,Cloudy,Peshawar,P-504
Bara Road,33.97479157228674,71.5103978962936,3,7,1,Clear,Peshawar,P-505
Bara Road,33.98207409457748,71.51148118173622,3,18,1,Clear,Peshawar,P-506
Bara Road,33.976442824831985,71.51063930365184,3,7,1,Rain,Peshawar,P-507
Bara Road,33.98138047360076,71.5048832632335,2,3,0,Clear,Peshawar,P-508
Bara Road,33.97782550812227,71.50782834974224,1,21,0,Clear,Peshawar,P-509
Bara Road,33.9824347471395,71.51164111083801,2,0,0,Cloudy,Peshawar,P-510
Bara Road,33.98238821880609,71.50803766893773,3,10,0,Clear,Peshawar,P-511
Bara Road,33.98291946375007,71.50655979489811,3,7,1,Clear,Peshawar,P-512
Bara Road,33.978339111186884,71.51104502821053,3,5,0,Cloudy,Peshawar,P-513
Bara Road,33.97682307091916,71.51158586970699,3,13,0,Fog,Peshawar,P-514
Pajagi Road,34.021213446118274,71.55963360676256,2,12,0,Cloudy,Peshawar,P-515
Pajagi Road,34.02163214568679,71.55985157804291,3,16,0,Cloudy,Peshawar,P-516
Pajagi Road,34.02167788100094,71.55876549362691,3,16,0,Rain,Peshawar,P-517
Pajagi Road,34.022116414093894,71.56187512024441,2,9,1,Clear,Peshawar,P-518
Pajagi Road,34.01781659824773,71.55922580059506,2,20,0,Clear,Peshawar,P-519
Pajagi Road,34.01987942201722,71.56090959033929,3,16,0,Clear,Peshawar,P-520
Pajagi Road,34.02100133144277,71.56009954737436,2,16,0,Rain,Peshawar,P-521
Pajagi Road,34.01952411290531,71.56053804813628,1,11,0,Cloudy,Peshawar,P-522
Pajagi Road,34.01904232508799,71.55827444847192,3,12,0,Clear,Peshawar,P-523
Pajagi Road,34.01870121661251,71.56154418957796,2,18,1,Cloudy,Peshawar,P-524
Pajagi Road,34.01926144572151,71.56028677693469,3,13,0,Rain,Peshawar,P-525
Pajagi Road,34.02249956140281,71.5569698093141,2,8,1,Clear,Peshawar,P-526
Pajagi Road,34.0189283970739,71.55658528408482,2,16,0,Clear,Peshawar,P-527
Pajagi Road,34.02108211352699,71.5596930314421,3,9,1,Clear,Peshawar,P-528
Pajagi Road,34.01928046270842,71.55734790462783,3,15,0,Cloudy,Peshawar,P-529
Pajagi Road,34.018985848768956,71.55666309689617,3,6,0,Clear,Peshawar,P-530
Pajagi Road,34.01953919857159,71.55815153371147,4,5,0,Cloudy,Peshawar,P-531
Pajagi Road,34.01778348507637,71.55667751367459,3,16,0,Clear,Peshawar,P-532
Pajagi Road,34.01815628037375,71.55799208525583,2,7,1,Clear,Peshawar,P-533
Pajagi Road,34.019833231449454,71.56037138517948,3,21,0,Cloudy,Peshawar,P-534
Pajagi Road,34.01740083752615,71.56165946483576,1,14,0,Cloudy,Peshawar,P-535
Pajagi Road,34.022379822794484,71.56202735148109,1,21,0,Clear,Peshawar,P-536
Pajagi Road,34.02203532293369,71.56054299062166,3,8,1,Clear,Peshawar,P-537
Pajagi Road,34.0195701792897,71.56055358689865,4,6,0,Clear,Peshawar,P-538
Pajagi Road,34.01954121851187,71.55991304610038,2,16,0,Cloudy,Peshawar,P-539
Pajagi Road,34.01978046099237,71.56099497051461,2,8,1,Clear,Peshawar,P-540
Tehkal Bala,34.017737054808656,71.46665209434289,2,6,0,Cloudy,Peshawar,P-541
Tehkal Bala,34.018031615088226,71.4648264884989,2,10,0,Cloudy,Peshawar,P-542
Tehkal Bala,34.0169940504589,71.46552697443066,3,15,0,Clear,Peshawar,P-543
Tehkal Bala,34.01660279032881,71.46325896578831,2,18,1,Cloudy,Peshawar,P-544
Tehkal Bala,34.01936410413143,71.46797449231067,2,5,0,Clear,Peshawar,P-545
Board Bazaar,34.00619916087934,71.57041354955966,4,18,1,Rain,Peshawar,P-546
Board Bazaar,34.007473427791645,71.5700758756709,3,17,1,Cloudy,Peshawar,P-547
Board Bazaar,34.005564411808386,71.57056973728697,2,19,1,Cloudy,Peshawar,P-548
Board Bazaar,34.00853826725231,71.57290652132663,2,19,1,Cloudy,Peshawar,P-549
Board Bazaar,34.00576926709745,71.56592893831436,3,8,1,Cloudy,Peshawar,P-550
Board Bazaar,34.00790088572818,71.57171917577395,3,20,0,Clear,Peshawar,P-551
Board Bazaar,34.00761922674772,71.57000818601534,2,2,0,Clear,Peshawar,P-552
Board Bazaar,34.008013754355204,71.57288726400694,2,19,1,Clear,Peshawar,P-553
Board Bazaar,34.01008540879595,71.56792228042042,3,8,1,Clear,Peshawar,P-554
Board Bazaar,34.00833738323363,71.56877552653098,3,17,1,Cloudy,Peshawar,P-555
Board Bazaar,34.0047103945949,71.57106566660158,2,8,1,Cloudy,Peshawar,P-556
Board Bazaar,34.010097767670636,71.56949008841289,2,18,1,Rain,Peshawar,P-557
Board Bazaar,34.01041527284742,71.57001807637302,4,9,1,Clear,Peshawar,P-558
Board Bazaar,34.00935042283782,71.5759705180052,3,6,0,Clear,Peshawar,P-559
Board Bazaar,34.00934963553762,71.57032931031071,2,18,1,Cloudy,Peshawar,P-560
Board Bazaar,34.009947264153624,71.56814723774004,3,10,0,Cloudy,Peshawar,P-561
Board Bazaar,34.00922420989365,71.57348927834651,2,16,0,Clear,Peshawar,P-562
Board Bazaar,34.0075808402905,71.56748299017865,2,5,0,Clear,Peshawar,P-563
Board Bazaar,34.00616475213163,71.57119971859966,2,8,1,Cloudy,Peshawar,P-564
Board Bazaar,34.01104276659086,71.57417688554574,1,9,1,Clear,Peshawar,P-565
Board Bazaar,34.011171853392646,71.57211043770266,2,10,0,Cloudy,Peshawar,P-566
Board Bazaar,34.009655642345685,71.57184854027906,2,11,0,Clear,Peshawar,P-567
Board Bazaar,34.00832853801016,71.56842110927951,2,6,0,Cloudy,Peshawar,P-568
Board Bazaar,34.01071690223331,71.56953075886008,2,16,0,Clear,Peshawar,P-569
Board Bazaar,34.008908599537804,71.56847001610248,2,12,0,Clear,Peshawar,P-570
Cantt Area,33.999893758693965,71.56244713776483,2,18,1,Rain,Peshawar,P-571
Cantt Area,34.000667455727125,71.55940477807577,2,17,1,Clear,Peshawar,P-572
Cantt Area,34.00247487626937,71.55908539668982,3,11,0,Clear,Peshawar,P-573
Cantt Area,33.99944859561416,71.56188139228765,4,7,1,Clear,Peshawar,P-574
Cantt Area,33.99878659941047,71.56042256738456,2,21,0,Clear,Peshawar,P-575
Peshawar Cantt Station,33.99957879372686,71.55693601294989,2,11,0,Cloudy,Peshawar,P-576
Peshawar Cantt Station,33.99659701693211,71.55498695736955,1,7,1,Cloudy,Peshawar,P-577
Peshawar Cantt Station,33.99979319378316,71.55582929597021,3,17,1,Cloudy,Peshawar,P-578
Peshawar Cantt Station,33.99781952559192,71.55327782417966,3,17,1,Cloudy,Peshawar,P-579
Peshawar Cantt Station,33.99730174042656,71.55476425187085,3,16,0,Clear,Peshawar,P-580
Peshawar Cantt Station,34.00039991474915,71.55714308630448,3,19,1,Rain,Peshawar,P-581
Peshawar Cantt Station,33.99681520312279,71.5525657591953,3,13,0,Cloudy,Peshawar,P-582
Peshawar Cantt Station,33.994820733925316,71.55343047618375,3,8,1,Clear,Peshawar,P-583
Peshawar Cantt Station,33.9942552507994,71.55506208979553,2,10,0,Fog,Peshawar,P-584
Firdous Bazaar,34.0096843308923,71.57470905045413,2,18,1,Cloudy,Peshawar,P-585
Firdous Bazaar,34.008155986950186,71.5752101214596,3,8,1,Fog,Peshawar,P-586
Firdous Bazaar,34.0119264125842,71.57026572438707,2,7,1,Cloudy,Peshawar,P-587
Firdous Bazaar,34.012425256967695,71.57451909293916,2,15,0,Rain,Peshawar,P-588
Firdous Bazaar,34.00898289063185,71.56907474861664,2,5,0,Cloudy,Peshawar,P-589
Firdous Bazaar,34.0103347253633,71.57398308424175,1,8,1,Clear,Peshawar,P-590
Firdous Bazaar,34.01235828555088,71.57239590900102,2,3,0,Cloudy,Peshawar,P-591
Firdous Bazaar,34.010061701939954,71.57428925649263,3,9,1,Fog,Peshawar,P-592
Firdous Bazaar,34.012513577359975,71.57422493758801,2,5,0,Clear,Peshawar,P-593
Firdous Bazaar,34.01080532636268,71.57199242083179,3,23,0,Clear,Peshawar,P-594
Firdous Bazaar,34.011667719933136,71.57586273356365,2,2,0,Clear,Peshawar,P-595
Firdous Bazaar,34.01366980649569,71.57425949975679,2,15,0,Clear,Peshawar,P-596
Firdous Bazaar,34.0150245408914,71.5750474190922,1,18,1,Cloudy,Peshawar,P-597
Firdous Bazaar,34.01453754356652,71.5720157129696,3,13,0,Cloudy,Peshawar,P-598
Qissa Khwani,34.01373529858598,71.57679994698469,2,19,1,Fog,Peshawar,P-599
Qissa Khwani,34.01523691528969,71.58209863128911,2,23,0,Fog,Peshawar,P-600
Qissa Khwani,34.0169083148675,71.57998850659148,3,13,0,Clear,Peshawar,P-601
Qissa Khwani,34.01300275930201,71.57844645409574,3,9,1,Fog,Peshawar,P-602
Qissa Khwani,34.01151503153492,71.58002938832927,3,16,0,Cloudy,Peshawar,P-603
Qissa Khwani,34.01220459177218,71.58463989770111,3,14,0,Clear,Peshawar,P-604
Qissa Khwani,34.016108320841425,71.58270795195311,3,18,1,Clear,Peshawar,P-605
Qissa Khwani,34.0110394776474,71.58712389393081,3,17,1,Fog,Peshawar,P-606
Qissa Khwani,34.01377264663562,71.58059105755802,2,7,1,Cloudy,Peshawar,P-607
Qissa Khwani,34.01138512919706,71.58070198960128,2,13,0,Clear,Peshawar,P-608
Qissa Khwani,34.010738769330125,71.5822454224478,3,18,1,Rain,Peshawar,P-609
Qissa Khwani,34.011208887812906,71.58299201731879,3,18,1,Clear,Peshawar,P-610
Qissa Khwani,34.013506330476076,71.58264068802522,3,23,0,Clear,Peshawar,P-611
Qissa Khwani,34.01263515800569,71.58003074247199,4,11,0,Rain,Peshawar,P-612
Qissa Khwani,34.012588281138235,71.57950684330692,1,21,0,Rain,Peshawar,P-613
Qissa Khwani,34.009540204336545,71.58053817949263,1,7,1,Clear,Peshawar,P-614
Qissa Khwani,34.01287647160028,71.58195888303618,2,7,1,Clear,Peshawar,P-615
Qissa Khwani,34.01097013038738,71.57947762723037,2,17,1,Clear,Peshawar,P-616
Qissa Khwani,34.01208775834505,71.58136285324024,2,8,1,Clear,Peshawar,P-617
Qissa Khwani,34.014762366686085,71.58023951688814,2,17,1,Clear,Peshawar,P-618
Qissa Khwani,34.01414625562648,71.57742826701613,2,5,0,Clear,Peshawar,P-619
Qissa Khwani,34.01066865681942,71.58103608329728,3,6,0,Cloudy,Peshawar,P-620
Qissa Khwani,34.012838800501406,71.57933388788601,3,8,1,Clear,Peshawar,P-621
Qissa Khwani,34.010628278905735,71.57635608716532,2,18,1,Clear,Peshawar,P-622
Qissa Khwani,34.01396413345467,71.58173746629464,3,13,0,Cloudy,Peshawar,P-623
Qissa Khwani,34.01063127965537,71.58000123140282,2,12,0,Rain,Peshawar,P-624
Qissa Khwani,34.01549378343107,71.58087599198127,2,16,0,Clear,Peshawar,P-625
Qissa Khwani,34.0119476752929,71.57707141495553,2,18,1,Clear,Peshawar,P-626
Qissa Khwani,34.016808273179144,71.58425191783073,3,6,0,Clear,Peshawar,P-627
Qissa Khwani,34.00880664860286,71.58272758364915,2,15,0,Clear,Peshawar,P-628
Qissa Khwani,34.01182226634652,71.5793254751379,3,7,1,Cloudy,Peshawar,P-629
Qissa Khwani,34.01376076289643,71.58061831736272,2,7,1,Rain,Peshawar,P-630
Qissa Khwani,34.01543591830461,71.57997360727097,4,13,0,Clear,Peshawar,P-631
Qissa Khwani,34.013803121216775,71.58193663116988,2,5,0,Cloudy,Peshawar,P-632
Qissa Khwani,34.0138172146154,71.58038438305772,2,15,0,Clear,Peshawar,P-633
Qissa Khwani,34.01359236960946,71.58175043391432,2,8,1,Clear,Peshawar,P-634
Qissa Khwani,34.00882594596279,71.57983076453868,3,17,1,Clear,Peshawar,P-635
Qissa Khwani,34.01168760809022,71.57953421422854,1,11,0,Fog,Peshawar,P-636
Qissa Khwani,34.01178626964428,71.58191537317211,4,11,0,Clear,Peshawar,P-637
Qissa Khwani,34.01534332462356,71.58026932809398,2,10,0,Cloudy,Peshawar,P-638
Qissa Khwani,34.01328251428017,71.57673886704039,2,3,0,Clear,Peshawar,P-639
Qissa Khwani,34.01169833454874,71.58100369191047,3,19,1,Cloudy,Peshawar,P-640
Qissa Khwani,34.012425104961196,71.58157465780882,1,12,0,Clear,Peshawar,P-641
Namak Mandi,34.012370810413664,71.58190748192375,3,6,0,Cloudy,Peshawar,P-642
Namak Mandi,34.01292932982597,71.58371690723642,2,17,1,Clear,Peshawar,P-643
Namak Mandi,34.015485718959155,71.58322773880062,3,8,1,Cloudy,Peshawar,P-644
Namak Mandi,34.01419613507908,71.58559174356373,2,5,0,Clear,Peshawar,P-645
Namak Mandi,34.01501080854686,71.58339169049403,3,8,1,Clear,Peshawar,P-646
Namak Mandi,34.015738309185,71.58208892094795,2,14,0,Cloudy,Peshawar,P-647
Namak Mandi,34.01207462593579,71.58103802560333,4,18,1,Cloudy,Peshawar,P-648
Namak Mandi,34.015752093585064,71.5859453413515,4,1,0,Cloudy,Peshawar,P-649
Namak Mandi,34.01378281405858,71.58140130309324,4,8,1,Clear,Peshawar,P-650
Namak Mandi,34.015280959590406,71.582618993788,2,9,1,Rain,Peshawar,P-651
Namak Mandi,34.01180919819399,71.58359678369312,1,6,0,Clear,Peshawar,P-652
Namak Mandi,34.01362620768368,71.57973905351257,4,10,0,Cloudy,Peshawar,P-653
Namak Mandi,34.015730397216004,71.58333332337412,3,17,1,Rain,Peshawar,P-654
Namak Mandi,34.01210216695835,71.58649472639583,3,17,1,Clear,Peshawar,P-655
Namak Mandi,34.01345968001524,71.58418785346885,2,18,1,Rain,Peshawar,P-656
Namak Mandi,34.01294204458387,71.58088688471447,3,8,1,Clear,Peshawar,P-657
Namak Mandi,34.014458628256875,71.58642533542567,2,18,1,Clear,Peshawar,P-658
Namak Mandi,34.01126336992234,71.58697455199847,2,11,0,Clear,Peshawar,P-659
Namak Mandi,34.013445367886874,71.58443032480152,2,6,0,Cloudy,Peshawar,P-660
Namak Mandi,34.01452804016267,71.58554470700021,3,15,0,Fog,Peshawar,P-661
Namak Mandi,34.01493343246801,71.58401273395505,3,19,1,Clear,Peshawar,P-662
Namak Mandi,34.01703278811051,71.58420423664079,2,13,0,Clear,Peshawar,P-663
Namak Mandi,34.01051133856144,71.58416448895512,1,15,0,Cloudy,Peshawar,P-664
Namak Mandi,34.01018438488425,71.58127922997843,4,17,1,Fog,Peshawar,P-665
Namak Mandi,34.010958917365265,71.58253216993872,1,4,0,Cloudy,Peshawar,P-666
Namak Mandi,34.01616538210778,71.58205775069636,3,8,1,Cloudy,Peshawar,P-667
Namak Mandi,34.01630712685732,71.58196278404193,3,11,0,Clear,Peshawar,P-668
Namak Mandi,34.01096130784905,71.57733568880377,2,7,1,Clear,Peshawar,P-669
Namak Mandi,34.01496889321056,71.58392333258942,3,8,1,Clear,Peshawar,P-670
Namak Mandi,34.014380847779854,71.58389843744257,2,11,0,Clear,Peshawar,P-671
Namak Mandi,34.01170535606471,71.58237515641702,2,3,0,Clear,Peshawar,P-672
Namak Mandi,34.013314901598285,71.583340927542,3,21,0,Cloudy,Peshawar,P-673
Namak Mandi,34.01435966215908,71.58397482785381,2,6,0,Cloudy,Peshawar,P-674
Namak Mandi,34.01631814812991,71.58232749052263,1,9,1,Cloudy,Peshawar,P-675
Namak Mandi,34.013069566266765,71.5824224093946,3,14,0,Clear,Peshawar,P-676
Namak Mandi,34.01288890644103,71.5834087780632,2,10,0,Cloudy,Peshawar,P-677
Namak Mandi,34.01160028055564,71.58241548956912,2,7,1,Clear,Peshawar,P-678
Namak Mandi,34.0175098661433,71.58303680326156,3,13,0,Clear,Peshawar,P-679
Namak Mandi,34.01674081938797,71.58585891560409,4,8,1,Rain,Peshawar,P-680
Karkhano Market,34.04155031098807,71.45610608017171,2,15,0,Clear,Peshawar,P-681
Karkhano Market,34.039535741362904,71.45732922998062,2,18,1,Cloudy,Peshawar,P-682
Karkhano Market,34.0398868230222,71.45743794157958,2,19,1,Clear,Peshawar,P-683
Karkhano Market,34.03954868659356,71.45482878382106,2,8,1,Cloudy,Peshawar,P-684
Karkhano Market,34.03981108257111,71.45583921994405,2,0,0,Fog,Peshawar,P-685
Karkhano Market,34.04269333944751,71.4540513091162,3,9,1,Cloudy,Peshawar,P-686
Karkhano Market,34.04329896178864,71.45714122111995,2,23,0,Clear,Peshawar,P-687
Karkhano Market,34.04088700344117,71.45269626323082,3,6,0,Fog,Peshawar,P-688
Karkhano Market,34.037676432312175,71.45443372220652,2,8,1,Cloudy,Peshawar,P-689
Karkhano Market,34.03831905812863,71.45455050875897,2,10,0,Rain,Peshawar,P-690
Karkhano Market,34.039032877032305,71.45377566616568,1,15,0,Cloudy,Peshawar,P-691
Karkhano Market,34.03925267584347,71.45398545717882,1,18,1,Fog,Peshawar,P-692
Karkhano Market,34.03618128782499,71.45763660464971,3,19,1,Clear,Peshawar,P-693
Karkhano Market,34.0386466583935,71.45700918581825,1,13,0,Clear,Peshawar,P-694
Karkhano Market,34.04008265126454,71.45588600426089,1,13,0,Clear,Peshawar,P-695
Karkhano Market,34.039516500722215,71.45656014059477,2,16,0,Clear,Peshawar,P-696
Karkhano Market,34.04086452590127,71.45594008837473,2,4,0,Clear,Peshawar,P-697
Karkhano Market,34.036029077959164,71.453779954045,2,8,1,Rain,Peshawar,P-698
Karkhano Market,34.034186023561354,71.45425035588676,3,5,0,Clear,Peshawar,P-699
Karkhano Market,34.04050433470095,71.4526278615372,2,9,1,Cloudy,Peshawar,P-700
Karkhano Market,34.03908181937956,71.45361079926167,3,17,1,Clear,Peshawar,P-701
Karkhano Market,34.043135592262395,71.4532809999204,2,10,0,Cloudy,Peshawar,P-702
Karkhano Market,34.03799556596215,71.4534951295253,2,15,0,Clear,Peshawar,P-703
Karkhano Market,34.0410330345688,71.45694599309067,2,8,1,Cloudy,Peshawar,P-704
Karkhano Market,34.038439601741764,71.45766114980808,3,10,0,Clear,Peshawar,P-705
Karkhano Market,34.04121044740204,71.45723086659476,3,8,1,Clear,Peshawar,P-706
Karkhano Market,34.04456330367308,71.45376471664613,2,18,1,Clear,Peshawar,P-707
Karkhano Market,34.0422892125641,71.4554194265984,2,10,0,Clear,Peshawar,P-708
Karkhano Market,34.040444579711604,71.45755773162662,2,20,0,Cloudy,Peshawar,P-709
Karkhano Market,34.041326895458305,71.45355150693588,3,1,0,Rain,Peshawar,P-710
Karkhano Market,34.04180079717679,71.45590245063863,2,18,1,Clear,Peshawar,P-711
Karkhano Market,34.04324652637097,71.45683463032272,2,15,0,Cloudy,Peshawar,P-712
Karkhano Market,34.03852939307863,71.45644295864751,2,10,0,Clear,Peshawar,P-713
Karkhano Market,34.03838356318243,71.4564198582584,3,8,1,Cloudy,Peshawar,P-714
Karkhano Market,34.038306298067745,71.4574992378106,1,6,0,Cloudy,Peshawar,P-715
Karkhano Market,34.03936646978813,71.45495484411781,2,19,1,Clear,Peshawar,P-716
Karkhano Market,34.03785829516263,71.45882283817427,1,8,1,Clear,Peshawar,P-717
Karkhano Market,34.04043822120007,71.45515428957177,2,7,1,Clear,Peshawar,P-718
Karkhano Market,34.040024998643815,71.46073680611133,1,18,1,Cloudy,Peshawar,P-719
Karkhano Market,34.041256764072074,71.45452098526246,1,6,0,Cloudy,Peshawar,P-720
Karkhano Market,34.040457992784916,71.4512841970972,2,7,1,Cloudy,Peshawar,P-721
Karkhano Market,34.042364468057876,71.4573213980072,3,19,1,Rain,Peshawar,P-722
Karkhano Market,34.03823786332668,71.4535755584727,4,8,1,Clear,Peshawar,P-723
Motorway Chowk,34.05733006420968,71.55750881217678,2,1,0,Cloudy,Peshawar,P-724
Motorway Chowk,34.05546289184505,71.56129297907546,2,9,1,Clear,Peshawar,P-725
Motorway Chowk,34.05424489068718,71.56055344594517,2,10,0,Cloudy,Peshawar,P-726
Motorway Chowk,34.05734039741839,71.5602685929945,1,16,0,Clear,Peshawar,P-727
Motorway Chowk,34.05519827667884,71.55831657610793,4,13,0,Cloudy,Peshawar,P-728
Motorway Chowk,34.054339759812066,71.55957666603614,2,14,0,Clear,Peshawar,P-729
Motorway Chowk,34.054936975351154,71.56054948380549,2,6,0,Clear,Peshawar,P-730
Motorway Chowk,34.05755393077217,71.5606760469622,2,18,1,Fog,Peshawar,P-731
Motorway Chowk,34.05741191203581,71.56228370648962,2,8,1,Clear,Peshawar,P-732
Motorway Chowk,34.05543324995081,71.55794849463273,2,6,0,Cloudy,Peshawar,P-733
Motorway Chowk,34.05499976170288,71.56216668087582,3,16,0,Rain,Peshawar,P-734
Motorway Chowk,34.059172094099075,71.55797048101363,3,14,0,Clear,Peshawar,P-735
Motorway Chowk,34.0601093726518,71.55871561069493,3,7,1,Clear,Peshawar,P-736
Motorway Chowk,34.05539226291805,71.55819186342053,2,5,0,Clear,Peshawar,P-737
Motorway Chowk,34.058941728541434,71.55996106260184,2,8,1,Cloudy,Peshawar,P-738
Motorway Chowk,34.05817967795636,71.5611481424418,2,8,1,Cloudy,Peshawar,P-739
Motorway Chowk,34.05619747803198,71.55815952294044,2,15,0,Clear,Peshawar,P-740
Motorway Chowk,34.05294726158467,71.56246000114544,2,9,1,Fog,Peshawar,P-741
Motorway Chowk,34.0504875001305,71.55764311930628,3,9,1,Rain,Peshawar,P-742
Motorway Chowk,34.05585663338475,71.56015431299244,4,8,1,Clear,Peshawar,P-743
Motorway Chowk,34.05249860787402,71.56004388761643,2,5,0,Clear,Peshawar,P-744
Motorway Chowk,34.05269333519359,71.55662531130578,3,23,0,Clear,Peshawar,P-745
Motorway Chowk,34.0581669545545,71.55776444231952,2,18,1,Clear,Peshawar,P-746
Motorway Chowk,34.05580096277301,71.56026213037244,2,15,0,Clear,Peshawar,P-747
Motorway Chowk,34.051406523974045,71.56298075894038,2,11,0,Cloudy,Peshawar,P-748
Bab-e-Peshawar,34.03433011213561,71.52238109718868,2,7,1,Cloudy,Peshawar,P-749
Bab-e-Peshawar,34.03036973576771,71.52278146497518,3,13,0,Clear,Peshawar,P-750
Bab-e-Peshawar,34.02684600703562,71.5183943511121,1,13,0,Fog,Peshawar,P-751
Bab-e-Peshawar,34.028487353150744,71.52034510038361,2,7,1,Clear,Peshawar,P-752
Bab-e-Peshawar,34.034542899490845,71.51919120515363,4,17,1,Cloudy,Peshawar,P-753
Bab-e-Peshawar,34.03111915412302,71.51837293930126,3,17,1,Clear,Peshawar,P-754
Bab-e-Peshawar,34.03136413898012,71.52025235580732,1,10,0,Cloudy,Peshawar,P-755
Bab-e-Peshawar,34.02882018140427,71.52168856645619,3,11,0,Rain,Peshawar,P-756
Bab-e-Peshawar,34.028899769434126,71.51970594915313,2,10,0,Cloudy,Peshawar,P-757
Bab-e-Peshawar,34.02941318896832,71.51710116054164,2,19,1,Clear,Peshawar,P-758
Bab-e-Peshawar,34.0264479764919,71.52212788197512,1,17,1,Rain,Peshawar,P-759
Bab-e-Peshawar,34.03248229468776,71.52114737406,3,13,0,Rain,Peshawar,P-760
Bab-e-Peshawar,34.03454486944089,71.52177807424455,2,10,0,Fog,Peshawar,P-761
Bab-e-Peshawar,34.032800799589594,71.52110844940789,2,14,0,Cloudy,Peshawar,P-762
Bab-e-Peshawar,34.029776982345716,71.5183900670383,2,8,1,Cloudy,Peshawar,P-763
Bab-e-Peshawar,34.02892352762802,71.51972829056722,2,7,1,Clear,Peshawar,P-764
Bab-e-Peshawar,34.032177539308435,71.51924739855015,2,12,0,Clear,Peshawar,P-765
Bab-e-Peshawar,34.03025304641004,71.51853088380626,2,12,0,Clear,Peshawar,P-766
Bab-e-Peshawar,34.03035057355787,71.51732654912225,2,18,1,Cloudy,Peshawar,P-767
Bab-e-Peshawar,34.02902401336759,71.52164193376873,3,4,0,Fog,Peshawar,P-768
Gulbahar Colony,34.02395563109937,71.54078870611632,2,8,1,Clear,Peshawar,P-769
Gulbahar Colony,34.01977296153514,71.5485403352313,1,0,0,Cloudy,Peshawar,P-770
Gulbahar Colony,34.01997880356014,71.54396956321239,2,10,0,Clear,Peshawar,P-771
Pishtakhara,34.03924149511055,71.53708037712958,2,9,1,Clear,Peshawar,P-772
Pishtakhara,34.03763369905789,71.53428665373164,2,11,0,Fog,Peshawar,P-773
Pishtakhara,34.03900542978354,71.53430341309283,2,17,1,Fog,Peshawar,P-774
Pishtakhara,34.03864594900723,71.53487799205628,3,8,1,Clear,Peshawar,P-775
Pishtakhara,34.03689188941317,71.53819831336905,2,17,1,Clear,Peshawar,P-776
Pishtakhara,34.03640888586411,71.53584878787572,2,18,1,Rain,Peshawar,P-777
Pishtakhara,34.03831451687357,71.53501242271123,2,12,0,Clear,Peshawar,P-778
Pishtakhara,34.03683643593321,71.53265224007117,2,15,0,Clear,Peshawar,P-779
Pishtakhara,34.04028539983247,71.53153491195128,3,11,0,Clear,Peshawar,P-780
Pishtakhara,34.042191687003616,71.5381888847835,2,7,1,Clear,Peshawar,P-781
Pishtakhara,34.04040934887998,71.53375180257534,2,16,0,Clear,Peshawar,P-782
Pishtakhara,34.04075299290004,71.53562626428003,2,8,1,Cloudy,Peshawar,P-783
Pishtakhara,34.03720371597882,71.53377615575717,3,14,0,Clear,Peshawar,P-784
Pishtakhara,34.03431984451098,71.5349354387779,2,14,0,Cloudy,Peshawar,P-785
Pishtakhara,34.03621756299978,71.53487631983208,3,2,0,Cloudy,Peshawar,P-786
Pishtakhara,34.03991677163968,71.5351033219537,3,12,0,Clear,Peshawar,P-787
Pishtakhara,34.03987241801916,71.53536962060498,2,2,0,Rain,Peshawar,P-788
Pishtakhara,34.03864157145186,71.53538810388721,2,17,1,Clear,Peshawar,P-789
Pishtakhara,34.036741295800624,71.53350156876581,2,7,1,Clear,Peshawar,P-790
Pishtakhara,34.041840735004286,71.53255420996089,2,13,0,Cloudy,Peshawar,P-791
Pishtakhara,34.0350217071642,71.53518824853558,1,5,0,Clear,Peshawar,P-792
Pishtakhara,34.04013675866739,71.53620824177918,2,10,0,Rain,Peshawar,P-793
Pishtakhara,34.03778529041857,71.53699883806536,4,2,0,Clear,Peshawar,P-794
Pishtakhara,34.036053242323945,71.53701426667294,2,15,0,Cloudy,Peshawar,P-795
Chamkani,34.041052270259684,71.56926840065441,2,19,1,Clear,Peshawar,P-796
Chamkani,34.043564260003066,71.56841820123665,3,11,0,Cloudy,Peshawar,P-797
Chamkani,34.043119400944825,71.57037507756883,3,8,1,Clear,Peshawar,P-798
Chamkani,34.040028392382666,71.56943168980413,2,17,1,Rain,Peshawar,P-799
Chamkani,34.042044407869085,71.5670781501227,3,16,0,Cloudy,Peshawar,P-800
Chamkani,34.04033135390902,71.57152805956314,2,10,0,Cloudy,Peshawar,P-801
Chamkani,34.04221881519804,71.57015151868639,2,8,1,Clear,Peshawar,P-802
Chamkani,34.04132175544146,71.57074012223053,2,17,1,Rain,Peshawar,P-803
Chamkani,34.04195395029111,71.5685426438661,4,9,1,Clear,Peshawar,P-804
Chamkani,34.042517322295716,71.5704254795517,2,8,1,Clear,Peshawar,P-805
Chamkani,34.040870036177935,71.57084642474891,2,18,1,Rain,Peshawar,P-806
Chamkani,34.04201435693382,71.56582704468325,3,20,0,Cloudy,Peshawar,P-807
Chamkani,34.04397972028117,71.56876962464857,3,12,0,Clear,Peshawar,P-808
Chamkani,34.04438547033084,71.56748426368817,3,6,0,Fog,Peshawar,P-809
Chamkani,34.04363373593907,71.56914746288665,3,17,1,Fog,Peshawar,P-810
Chamkani,34.03971396137585,71.5716403163735,2,16,0,Cloudy,Peshawar,P-811
Chamkani,34.04159254574392,71.57361303242132,3,7,1,Clear,Peshawar,P-812
Chamkani,34.042357389433626,71.57245842956858,3,9,1,Clear,Peshawar,P-813
Chamkani,34.040279614609155,71.57458953718309,2,16,0,Cloudy,Peshawar,P-814
Chamkani,34.04443638942351,71.57211473661074,3,18,1,Cloudy,Peshawar,P-815
Chamkani,34.041558115476995,71.56814371472343,2,18,1,Cloudy,Peshawar,P-816
Chamkani,34.04413034393143,71.57290523349097,3,4,0,Fog,Peshawar,P-817
Chamkani,34.0439930492678,71.56854067075236,2,8,1,Fog,Peshawar,P-818
Chamkani,34.04284813372304,71.57007889409647,2,7,1,Clear,Peshawar,P-819
Chamkani,34.03655544451816,71.5718850904569,2,9,1,Clear,Peshawar,P-820
Chamkani,34.041637101861504,71.56978732599494,3,12,0,Cloudy,Peshawar,P-821
Chamkani,34.044798566682545,71.56923613545655,3,14,0,Clear,Peshawar,P-822
Chamkani,34.039600604943274,71.56536771227405,2,17,1,Cloudy,Peshawar,P-823
Chamkani,34.04379317730847,71.56665550045086,2,17,1,Cloudy,Peshawar,P-824
Mathra,34.02657063864602,71.59104255981003,1,19,1,Rain,Peshawar,P-825
Mathra,34.02776011745274,71.59148081424476,2,5,0,Cloudy,Peshawar,P-826
Mathra,34.03085771541563,71.58705173573593,2,12,0,Clear,Peshawar,P-827
Mathra,34.02778702423364,71.58909241502967,3,6,0,Clear,Peshawar,P-828
Mathra,34.028206876258615,71.59408415208028,3,9,1,Clear,Peshawar,P-829
Mathra,34.02757514214018,71.59300842856567,3,18,1,Clear,Peshawar,P-830
Mathra,34.02637397125548,71.59164655983136,4,11,0,Fog,Peshawar,P-831
Budni Road,34.01800364970736,71.49900485832323,2,8,1,Rain,Peshawar,P-832
Budni Road,34.016470776521096,71.49734841245728,1,8,1,Clear,Peshawar,P-833
Budni Road,34.01184882398184,71.49982786061442,2,10,0,Clear,Peshawar,P-834
Budni Road,34.01388734400139,71.497882992558,2,20,0,Clear,Peshawar,P-835
Budni Road,34.01663271664307,71.49822950262775,2,7,1,Rain,Peshawar,P-836
Budni Road,34.016970002583044,71.49906435563433,2,5,0,Fog,Peshawar,P-837
Abdara Road,34.04767132958823,71.48042418670616,2,17,1,Fog,Peshawar,P-838
Abdara Road,34.04986548721669,71.4755334423613,2,8,1,Clear,Peshawar,P-839
Abdara Road,34.04806942749751,71.47606299157313,2,16,0,Clear,Peshawar,P-840
Abdara Road,34.04832681094805,71.4776087524583,3,16,0,Cloudy,Peshawar,P-841
Abdara Road,34.047234365620774,71.47975254210745,1,9,1,Clear,Peshawar,P-842
Abdara Road,34.04880693783622,71.47890128029013,2,9,1,Fog,Peshawar,P-843
Abdara Road,34.046659769599096,71.48234343582943,2,22,0,Clear,Peshawar,P-844
Nasir Bagh Road,34.030059751479236,71.47420488446902,2,8,1,Cloudy,Peshawar,P-845
Nasir Bagh Road,34.03144376153937,71.47432562372441,2,17,1,Clear,Peshawar,P-846
Nasir Bagh Road,34.03521756171146,71.47665645938037,2,8,1,Cloudy,Peshawar,P-847
Nasir Bagh Road,34.034820427609624,71.4747098468086,2,18,1,Clear,Peshawar,P-848
Nasir Bagh Road,34.034592126123556,71.4727856863664,2,6,0,Rain,Peshawar,P-849
Nasir Bagh Road,34.03228561878488,71.47384449898368,1,16,0,Clear,Peshawar,P-850
Nasir Bagh Road,34.031096101256175,71.47342132298856,2,9,1,Clear,Peshawar,P-851
Nasir Bagh Road,34.02987741293657,71.47490907004773,1,19,1,Clear,Peshawar,P-852
Old Bara Road,33.985639049341565,71.50330723453699,2,21,0,Clear,Peshawar,P-853
Old Bara Road,33.98405951281539,71.4991418722462,3,12,0,Cloudy,Peshawar,P-854
Old Bara Road,33.98352125718508,71.50238379866883,4,9,1,Clear,Peshawar,P-855
Old Bara Road,33.984519343525136,71.49666026466666,4,16,0,Cloudy,Peshawar,P-856
Old Bara Road,33.98131241283304,71.49821936430396,2,17,1,Fog,Peshawar,P-857
Old Bara Road,33.986396641631515,71.49949409660155,4,10,0,Clear,Peshawar,P-858
Old Bara Road,33.983400118986594,71.49618399572576,2,17,1,Rain,Peshawar,P-859
Old Bara Road,33.985319295538815,71.50114281677544,3,9,1,Rain,Peshawar,P-860
Old Bara Road,33.98388776250648,71.4997398794129,3,17,1,Rain,Peshawar,P-861
Old Bara Road,33.983516033143815,71.50258327045353,2,15,0,Clear,Peshawar,P-862
Old Bara Road,33.98216946561615,71.50043706808482,3,7,1,Cloudy,Peshawar,P-863
Old Bara Road,33.98323168304011,71.49482316673559,2,17,1,Clear,Peshawar,P-864
Old Bara Road,33.98430714698799,71.49677686528179,3,12,0,Cloudy,Peshawar,P-865
Old Bara Road,33.986505364630574,71.49762506919652,2,7,1,Clear,Peshawar,P-866
Old Bara Road,33.98634306234346,71.50305606271877,3,12,0,Clear,Peshawar,P-867
Old Bara Road,33.98127910400015,71.50172848722947,3,17,1,Fog,Peshawar,P-868
Old Bara Road,33.98430112134557,71.49845486250248,3,5,0,Rain,Peshawar,P-869
Old Bara Road,33.9873291669424,71.49982548797364,3,14,0,Clear,Peshawar,P-870
Old Bara Road,33.9860752598059,71.50085637249562,2,18,1,Clear,Peshawar,P-871
Old Bara Road,33.985628958944964,71.50367620141593,2,10,0,Clear,Peshawar,P-872
Peshawar-Torkham Hwy,34.00723366755106,71.4503728323395,2,4,0,Clear,Peshawar,P-873
Peshawar-Torkham Hwy,34.005666480073046,71.4503396893945,3,10,0,Fog,Peshawar,P-874
Peshawar-Torkham Hwy,34.00378354698511,71.45072623125549,2,8,1,Clear,Peshawar,P-875
Peshawar-Torkham Hwy,34.002699655879375,71.45069327239314,2,12,0,Cloudy,Peshawar,P-876
Peshawar-Torkham Hwy,34.00571133789713,71.45038315479239,2,14,0,Fog,Peshawar,P-877
Peshawar-Torkham Hwy,34.007232492781036,71.45301609518285,3,13,0,Clear,Peshawar,P-878
Peshawar-Torkham Hwy,34.005485764026304,71.44583580259362,3,11,0,Cloudy,Peshawar,P-879
Peshawar-Torkham Hwy,34.0047462385718,71.44834803164395,2,17,1,Clear,Peshawar,P-880
Peshawar-Torkham Hwy,34.001049024457565,71.45150219890901,3,10,0,Clear,Peshawar,P-881
Peshawar-Torkham Hwy,34.00736645434743,71.44828237454416,4,19,1,Cloudy,Peshawar,P-882
Peshawar-Torkham Hwy,34.00828675631161,71.45072129578287,1,11,0,Clear,Peshawar,P-883
Peshawar-Torkham Hwy,34.00978153232954,71.45075418418749,2,5,0,Fog,Peshawar,P-884
Peshawar-Torkham Hwy,34.0040234523151,71.45126665365214,2,11,0,Clear,Peshawar,P-885
Peshawar-Torkham Hwy,34.00523642398281,71.44865161887932,2,11,0,Rain,Peshawar,P-886
Peshawar-Torkham Hwy,34.00484186531627,71.44884175178073,2,3,0,Clear,Peshawar,P-887
Peshawar-Torkham Hwy,34.0048777961725,71.44889588399644,3,8,1,Clear,Peshawar,P-888
Peshawar-Torkham Hwy,34.00364271387741,71.44936352494452,2,13,0,Clear,Peshawar,P-889
Peshawar-Torkham Hwy,34.00556106468111,71.4520321870433,2,6,0,Rain,Peshawar,P-890
Peshawar-Torkham Hwy,34.002697692526894,71.44432184268103,3,8,1,Cloudy,Peshawar,P-891
Peshawar-Torkham Hwy,34.00674725700415,71.44993919446694,3,8,1,Clear,Peshawar,P-892
Peshawar-Torkham Hwy,34.00686486974191,71.44916979942208,3,12,0,Clear,Peshawar,P-893
Peshawar-Torkham Hwy,34.00774008732235,71.44673424432303,2,12,0,Clear,Peshawar,P-894
Peshawar-Torkham Hwy,34.002960609360585,71.45041272354266,1,15,0,Fog,Peshawar,P-895
Peshawar-Torkham Hwy,34.00565786578785,71.45168063825517,2,17,1,Clear,Peshawar,P-896
Peshawar-Torkham Hwy,34.00301660667312,71.44873423945023,3,14,0,Clear,Peshawar,P-897
Peshawar-Torkham Hwy,34.00317143737841,71.44884811037716,4,17,1,Cloudy,Peshawar,P-898
Peshawar-Torkham Hwy,34.00410811257228,71.45022628091411,3,11,0,Clear,Peshawar,P-899
Peshawar-Torkham Hwy,34.00441992512079,71.44927673495278,2,11,0,Clear,Peshawar,P-900
Peshawar-Torkham Hwy,34.00762233499561,71.44955136205824,3,10,0,Cloudy,Peshawar,P-901
Peshawar-Torkham Hwy,34.0045877509855,71.4515206437507,3,5,0,Cloudy,Peshawar,P-902
Peshawar-Torkham Hwy,34.002802759149645,71.45284100857455,3,6,0,Fog,Peshawar,P-903
Peshawar-Torkham Hwy,34.00703537282548,71.45154050089594,4,8,1,Clear,Peshawar,P-904
Peshawar-Torkham Hwy,34.00473566128871,71.45014455793077,4,7,1,Rain,Peshawar,P-905
Peshawar-Torkham Hwy,34.0074243173771,71.4490137102885,2,8,1,Clear,Peshawar,P-906
Peshawar-Torkham Hwy,34.007292060288286,71.44844525703031,2,18,1,Clear,Peshawar,P-907
Peshawar-Torkham Hwy,34.00331878514506,71.45149989994131,2,14,0,Clear,Peshawar,P-908
Peshawar-Torkham Hwy,34.00409041056525,71.44792038693795,1,8,1,Clear,Peshawar,P-909
Peshawar-Torkham Hwy,34.00836869703225,71.45200004343019,2,4,0,Cloudy,Peshawar,P-910
Peshawar-Torkham Hwy,34.00451387760224,71.45000457587228,2,16,0,Clear,Peshawar,P-911
Peshawar-Torkham Hwy,34.0053080961554,71.44991526317892,3,15,0,Clear,Peshawar,P-912
Peshawar-Torkham Hwy,34.00623777259605,71.45327671946454,2,11,0,Fog,Peshawar,P-913
Peshawar-Torkham Hwy,34.000285331550806,71.44897010293874,3,18,1,Clear,Peshawar,P-914
Peshawar-Torkham Hwy,34.00487919254161,71.45225556050127,4,16,0,Clear,Peshawar,P-915
Peshawar-Torkham Hwy,34.00450038020063,71.45063759338233,1,12,0,Clear,Peshawar,P-916
Peshawar-Torkham Hwy,34.00502565728709,71.45095965407074,3,13,0,Clear,Peshawar,P-917
Peshawar-Torkham Hwy,34.00309746121373,71.44879221976869,2,11,0,Rain,Peshawar,P-918
Peshawar-Torkham Hwy,34.00191439356352,71.44967873776095,2,8,1,Rain,Peshawar,P-919
Peshawar-Torkham Hwy,34.002341629733316,71.44987762312445,2,9,1,Fog,Peshawar,P-920
Sunehri Masjid Road,34.01105669726929,71.5749815732748,3,22,0,Clear,Peshawar,P-921
Sunehri Masjid Road,34.0103043383758,71.57378411665816,2,7,1,Clear,Peshawar,P-922
Sunehri Masjid Road,34.01129159769742,71.57652710162391,3,10,0,Clear,Peshawar,P-923
Sunehri Masjid Road,34.01228648925674,71.57548911957169,2,12,0,Clear,Peshawar,P-924
Sunehri Masjid Road,34.00448473532061,71.57714235881244,3,9,1,Cloudy,Peshawar,P-925
Sunehri Masjid Road,34.00720627228341,71.5772091846894,2,20,0,Clear,Peshawar,P-926
Sunehri Masjid Road,34.01072107063495,71.57474736944762,2,10,0,Fog,Peshawar,P-927
Sunehri Masjid Road,34.00709026279654,71.57614786557406,1,7,1,Clear,Peshawar,P-928
Sunehri Masjid Road,34.01209568755979,71.57228132645668,2,5,0,Clear,Peshawar,P-929
Sunehri Masjid Road,34.00985907490048,71.57604952707618,4,0,0,Rain,Peshawar,P-930
Sunehri Masjid Road,34.01114891720871,71.57239227441487,2,10,0,Cloudy,Peshawar,P-931
Sunehri Masjid Road,34.01552307919374,71.57591889876883,2,10,0,Clear,Peshawar,P-932
Sunehri Masjid Road,34.011053163011184,71.57601711216164,2,12,0,Cloudy,Peshawar,P-933
Sunehri Masjid Road,34.00970736726686,71.573738199415,3,9,1,Rain,Peshawar,P-934
Sunehri Masjid Road,34.013406550952084,71.57584353868188,2,10,0,Rain,Peshawar,P-935
Sunehri Masjid Road,34.00898098667719,71.57455763088629,2,9,1,Rain,Peshawar,P-936
Sunehri Masjid Road,34.01082858953074,71.58039244628429,2,8,1,Clear,Peshawar,P-937
Sunehri Masjid Road,34.0126140325659,71.57639758917666,2,21,0,Cloudy,Peshawar,P-938
Sunehri Masjid Road,34.01031658795171,71.57422446097692,2,16,0,Clear,Peshawar,P-939
Sunehri Masjid Road,34.00899927794292,71.57350747197212,2,18,1,Clear,Peshawar,P-940
Sunehri Masjid Road,34.01108179411518,71.57200893643909,3,21,0,Clear,Peshawar,P-941
Sunehri Masjid Road,34.0073531004798,71.57355784507182,3,8,1,Cloudy,Peshawar,P-942
Sunehri Masjid Road,34.00930312483884,71.57406682421802,2,11,0,Clear,Peshawar,P-943
Sunehri Masjid Road,34.01107930739642,71.57609174288976,4,10,0,Clear,Peshawar,P-944
Sunehri Masjid Road,34.00894181452125,71.57640647190917,2,15,0,Cloudy,Peshawar,P-945
Sunehri Masjid Road,34.00885143288464,71.577366520779,3,5,0,Cloudy,Peshawar,P-946
Sunehri Masjid Road,34.00753188667015,71.57558306357892,3,3,0,Rain,Peshawar,P-947
Sunehri Masjid Road,34.00936697800954,71.57375963312262,2,20,0,Clear,Peshawar,P-948
Sunehri Masjid Road,34.008530690430305,71.57441495310576,3,12,0,Clear,Peshawar,P-949
Fakhr-e-Alam Road,34.022065866741066,71.55006541551253,1,9,1,Clear,Peshawar,P-950
Fakhr-e-Alam Road,34.01674500780209,71.5522558179865,3,18,1,Clear,Peshawar,P-951
Fakhr-e-Alam Road,34.01555764834942,71.54816771696683,1,16,0,Clear,Peshawar,P-952
Fakhr-e-Alam Road,34.01780893012963,71.55180106615467,3,17,1,Clear,Peshawar,P-953
Fakhr-e-Alam Road,34.02116784193307,71.55320818250695,2,16,0,Cloudy,Peshawar,P-954
Fakhr-e-Alam Road,34.015677833168866,71.55100650412949,4,7,1,Rain,Peshawar,P-955
Fakhr-e-Alam Road,34.01934040409898,71.55191064760425,2,9,1,Cloudy,Peshawar,P-956
Fakhr-e-Alam Road,34.01890525859491,71.54683564647331,3,12,0,Clear,Peshawar,P-957
Fakhr-e-Alam Road,34.01669253441855,71.54830974277834,2,7,1,Cloudy,Peshawar,P-958
Ashraf Road,34.02480674188278,71.53419587867826,3,18,1,Cloudy,Peshawar,P-959
Ashraf Road,34.02575004053938,71.5283900811598,2,3,0,Cloudy,Peshawar,P-960
Ashraf Road,34.02798889475102,71.53129201237424,2,12,0,Clear,Peshawar,P-961
Ashraf Road,34.02615755545573,71.53210784182282,2,6,0,Clear,Peshawar,P-962
Ashraf Road,34.02631425583799,71.53035237964501,2,6,0,Cloudy,Peshawar,P-963
Ashraf Road,34.02518751510227,71.52876633824576,3,5,0,Clear,Peshawar,P-964
Ashraf Road,34.027029767192154,71.53163985050527,2,20,0,Cloudy,Peshawar,P-965
Ashraf Road,34.023205695386906,71.5324441305484,2,16,0,Clear,Peshawar,P-966
Ashraf Road,34.02816011211828,71.53188557702828,4,8,1,Clear,Peshawar,P-967
